date,stock
20191230,000001.SZ
20191230,000002.SZ
20191230,000063.SZ
20191230,000069.SZ
20191230,000100.SZ
20191230,000157.SZ
20191230,000166.SZ
20191230,000333.SZ
20191230,000338.SZ
20191230,000413.SZ
20191230,000415.SZ
20191230,000423.SZ
20191230,000425.SZ
20191230,000538.SZ
20191230,000568.SZ
20191230,000596.SZ
20191230,000625.SZ
20191230,000627.SZ
20191230,000629.SZ
20191230,000630.SZ
20191230,000651.SZ
20191230,000656.SZ
20191230,000661.SZ
20191230,000671.SZ
20191230,000703.SZ
20191230,000709.SZ
20191230,000723.SZ
20191230,000725.SZ
20191230,000728.SZ
20191230,000768.SZ
20191230,000776.SZ
20191230,000783.SZ
20191230,000786.SZ
20191230,000858.SZ
20191230,000876.SZ
20191230,000895.SZ
20191230,000898.SZ
20191230,000938.SZ
20191230,000961.SZ
20191230,000963.SZ
20191230,001979.SZ
20191230,002001.SZ
20191230,002007.SZ
20191230,002008.SZ
20191230,002010.SZ
20191230,002024.SZ
20191230,002027.SZ
20191230,002032.SZ
20191230,002044.SZ
20191230,002050.SZ
20191230,002081.SZ
20191230,002120.SZ
20191230,002142.SZ
20191230,002146.SZ
20191230,002153.SZ
20191230,002179.SZ
20191230,002202.SZ
20191230,002230.SZ
20191230,002236.SZ
20191230,002241.SZ
20191230,002252.SZ
20191230,002271.SZ
20191230,002294.SZ
20191230,002304.SZ
20191230,002311.SZ
20191230,002352.SZ
20191230,002410.SZ
20191230,002411.SZ
20191230,002415.SZ
20191230,002422.SZ
20191230,002456.SZ
20191230,002460.SZ
20191230,002466.SZ
20191230,002468.SZ
20191230,002475.SZ
20191230,002493.SZ
20191230,002508.SZ
20191230,002555.SZ
20191230,002558.SZ
20191230,002594.SZ
20191230,002601.SZ
20191230,002602.SZ
20191230,002607.SZ
20191230,002624.SZ
20191230,002673.SZ
20191230,002714.SZ
20191230,002736.SZ
20191230,002739.SZ
20191230,002773.SZ
20191230,002841.SZ
20191230,002916.SZ
20191230,002938.SZ
20191230,002939.SZ
20191230,002945.SZ
20191230,002958.SZ
20191230,300003.SZ
20191230,300015.SZ
20191230,300017.SZ
20191230,300024.SZ
20191230,300033.SZ
20191230,300059.SZ
20191230,300070.SZ
20191230,300122.SZ
20191230,300124.SZ
20191230,300136.SZ
20191230,300142.SZ
20191230,300144.SZ
20191230,300347.SZ
20191230,300408.SZ
20191230,300413.SZ
20191230,300433.SZ
20191230,300498.SZ
20191230,600000.SH
20191230,600004.SH
20191230,600009.SH
20191230,600010.SH
20191230,600011.SH
20191230,600015.SH
20191230,600016.SH
20191230,600018.SH
20191230,600019.SH
20191230,600023.SH
20191230,600025.SH
20191230,600027.SH
20191230,600028.SH
20191230,600029.SH
20191230,600030.SH
20191230,600031.SH
20191230,600036.SH
20191230,600038.SH
20191230,600048.SH
20191230,600050.SH
20191230,600061.SH
20191230,600066.SH
20191230,600068.SH
20191230,600085.SH
20191230,600089.SH
20191230,600100.SH
20191230,600104.SH
20191230,600109.SH
20191230,600111.SH
20191230,600115.SH
20191230,600118.SH
20191230,600153.SH
20191230,600170.SH
20191230,600176.SH
20191230,600177.SH
20191230,600183.SH
20191230,600188.SH
20191230,600196.SH
20191230,600208.SH
20191230,600219.SH
20191230,600221.SH
20191230,600233.SH
20191230,600271.SH
20191230,600276.SH
20191230,600297.SH
20191230,600299.SH
20191230,600309.SH
20191230,600332.SH
20191230,600340.SH
20191230,600346.SH
20191230,600352.SH
20191230,600362.SH
20191230,600369.SH
20191230,600372.SH
20191230,600383.SH
20191230,600390.SH
20191230,600398.SH
20191230,600406.SH
20191230,600436.SH
20191230,600438.SH
20191230,600482.SH
20191230,600487.SH
20191230,600489.SH
20191230,600498.SH
20191230,600516.SH
20191230,600519.SH
20191230,600522.SH
20191230,600535.SH
20191230,600547.SH
20191230,600566.SH
20191230,600570.SH
20191230,600583.SH
20191230,600585.SH
20191230,600588.SH
20191230,600606.SH
20191230,600637.SH
20191230,600655.SH
20191230,600660.SH
20191230,600663.SH
20191230,600674.SH
20191230,600690.SH
20191230,600703.SH
20191230,600705.SH
20191230,600733.SH
20191230,600741.SH
20191230,600760.SH
20191230,600795.SH
20191230,600809.SH
20191230,600816.SH
20191230,600837.SH
20191230,600848.SH
20191230,600867.SH
20191230,600886.SH
20191230,600887.SH
20191230,600893.SH
20191230,600900.SH
20191230,600919.SH
20191230,600926.SH
20191230,600928.SH
20191230,600958.SH
20191230,600968.SH
20191230,600977.SH
20191230,600989.SH
20191230,600998.SH
20191230,600999.SH
20191230,601006.SH
20191230,601009.SH
20191230,601012.SH
20191230,601018.SH
20191230,601021.SH
20191230,601066.SH
20191230,601088.SH
20191230,601108.SH
20191230,601111.SH
20191230,601117.SH
20191230,601138.SH
20191230,601155.SH
20191230,601162.SH
20191230,601166.SH
20191230,601169.SH
20191230,601186.SH
20191230,601198.SH
20191230,601211.SH
20191230,601212.SH
20191230,601216.SH
20191230,601225.SH
20191230,601229.SH
20191230,601236.SH
20191230,601238.SH
20191230,601288.SH
20191230,601298.SH
20191230,601318.SH
20191230,601319.SH
20191230,601328.SH
20191230,601336.SH
20191230,601360.SH
20191230,601377.SH
20191230,601390.SH
20191230,601398.SH
20191230,601555.SH
20191230,601577.SH
20191230,601600.SH
20191230,601601.SH
20191230,601607.SH
20191230,601618.SH
20191230,601628.SH
20191230,601633.SH
20191230,601668.SH
20191230,601669.SH
20191230,601688.SH
20191230,601698.SH
20191230,601727.SH
20191230,601766.SH
20191230,601788.SH
20191230,601800.SH
20191230,601808.SH
20191230,601818.SH
20191230,601828.SH
20191230,601838.SH
20191230,601857.SH
20191230,601877.SH
20191230,601878.SH
20191230,601881.SH
20191230,601888.SH
20191230,601898.SH
20191230,601899.SH
20191230,601901.SH
20191230,601919.SH
20191230,601933.SH
20191230,601939.SH
20191230,601985.SH
20191230,601988.SH
20191230,601989.SH
20191230,601992.SH
20191230,601997.SH
20191230,601998.SH
20191230,603019.SH
20191230,603156.SH
20191230,603160.SH
20191230,603259.SH
20191230,603260.SH
20191230,603288.SH
20191230,603501.SH
20191230,603799.SH
20191230,603833.SH
20191230,603899.SH
20191230,603986.SH
20191230,603993.SH
20200615,000001.SZ
20200615,000002.SZ
20200615,000063.SZ
20200615,000066.SZ
20200615,000069.SZ
20200615,000100.SZ
20200615,000157.SZ
20200615,000166.SZ
20200615,000333.SZ
20200615,000338.SZ
20200615,000425.SZ
20200615,000538.SZ
20200615,000568.SZ
20200615,000596.SZ
20200615,000625.SZ
20200615,000627.SZ
20200615,000651.SZ
20200615,000656.SZ
20200615,000661.SZ
20200615,000671.SZ
20200615,000703.SZ
20200615,000708.SZ
20200615,000709.SZ
20200615,000723.SZ
20200615,000725.SZ
20200615,000728.SZ
20200615,000768.SZ
20200615,000776.SZ
20200615,000783.SZ
20200615,000786.SZ
20200615,000858.SZ
20200615,000860.SZ
20200615,000876.SZ
20200615,000895.SZ
20200615,000938.SZ
20200615,000961.SZ
20200615,000963.SZ
20200615,000977.SZ
20200615,001979.SZ
20200615,002001.SZ
20200615,002007.SZ
20200615,002008.SZ
20200615,002024.SZ
20200615,002027.SZ
20200615,002032.SZ
20200615,002044.SZ
20200615,002050.SZ
20200615,002120.SZ
20200615,002129.SZ
20200615,002142.SZ
20200615,002146.SZ
20200615,002153.SZ
20200615,002157.SZ
20200615,002179.SZ
20200615,002202.SZ
20200615,002230.SZ
20200615,002236.SZ
20200615,002241.SZ
20200615,002252.SZ
20200615,002271.SZ
20200615,002304.SZ
20200615,002311.SZ
20200615,002352.SZ
20200615,002371.SZ
20200615,002410.SZ
20200615,002415.SZ
20200615,002422.SZ
20200615,002456.SZ
20200615,002460.SZ
20200615,002463.SZ
20200615,002466.SZ
20200615,002468.SZ
20200615,002475.SZ
20200615,002493.SZ
20200615,002508.SZ
20200615,002555.SZ
20200615,002558.SZ
20200615,002594.SZ
20200615,002601.SZ
20200615,002602.SZ
20200615,002607.SZ
20200615,002624.SZ
20200615,002673.SZ
20200615,002714.SZ
20200615,002736.SZ
20200615,002739.SZ
20200615,002773.SZ
20200615,002841.SZ
20200615,002916.SZ
20200615,002938.SZ
20200615,002939.SZ
20200615,002945.SZ
20200615,002958.SZ
20200615,003816.SZ
20200615,300003.SZ
20200615,300014.SZ
20200615,300015.SZ
20200615,300033.SZ
20200615,300059.SZ
20200615,300122.SZ
20200615,300124.SZ
20200615,300136.SZ
20200615,300142.SZ
20200615,300144.SZ
20200615,300347.SZ
20200615,300408.SZ
20200615,300413.SZ
20200615,300433.SZ
20200615,300498.SZ
20200615,300601.SZ
20200615,300628.SZ
20200615,600000.SH
20200615,600004.SH
20200615,600009.SH
20200615,600010.SH
20200615,600011.SH
20200615,600015.SH
20200615,600016.SH
20200615,600018.SH
20200615,600019.SH
20200615,600025.SH
20200615,600027.SH
20200615,600028.SH
20200615,600029.SH
20200615,600030.SH
20200615,600031.SH
20200615,600036.SH
20200615,600038.SH
20200615,600048.SH
20200615,600050.SH
20200615,600061.SH
20200615,600066.SH
20200615,600068.SH
20200615,600085.SH
20200615,600089.SH
20200615,600104.SH
20200615,600109.SH
20200615,600111.SH
20200615,600115.SH
20200615,600118.SH
20200615,600170.SH
20200615,600176.SH
20200615,600177.SH
20200615,600183.SH
20200615,600188.SH
20200615,600196.SH
20200615,600208.SH
20200615,600219.SH
20200615,600221.SH
20200615,600233.SH
20200615,600271.SH
20200615,600276.SH
20200615,600297.SH
20200615,600299.SH
20200615,600309.SH
20200615,600332.SH
20200615,600340.SH
20200615,600346.SH
20200615,600352.SH
20200615,600362.SH
20200615,600369.SH
20200615,600372.SH
20200615,600383.SH
20200615,600390.SH
20200615,600398.SH
20200615,600406.SH
20200615,600436.SH
20200615,600438.SH
20200615,600482.SH
20200615,600487.SH
20200615,600489.SH
20200615,600498.SH
20200615,600516.SH
20200615,600519.SH
20200615,600522.SH
20200615,600547.SH
20200615,600570.SH
20200615,600583.SH
20200615,600585.SH
20200615,600588.SH
20200615,600606.SH
20200615,600637.SH
20200615,600655.SH
20200615,600660.SH
20200615,600674.SH
20200615,600690.SH
20200615,600703.SH
20200615,600705.SH
20200615,600741.SH
20200615,600745.SH
20200615,600760.SH
20200615,600795.SH
20200615,600809.SH
20200615,600837.SH
20200615,600848.SH
20200615,600867.SH
20200615,600886.SH
20200615,600887.SH
20200615,600893.SH
20200615,600900.SH
20200615,600919.SH
20200615,600926.SH
20200615,600928.SH
20200615,600958.SH
20200615,600968.SH
20200615,600977.SH
20200615,600989.SH
20200615,600998.SH
20200615,600999.SH
20200615,601006.SH
20200615,601009.SH
20200615,601012.SH
20200615,601018.SH
20200615,601021.SH
20200615,601066.SH
20200615,601077.SH
20200615,601088.SH
20200615,601100.SH
20200615,601108.SH
20200615,601111.SH
20200615,601117.SH
20200615,601138.SH
20200615,601155.SH
20200615,601162.SH
20200615,601166.SH
20200615,601169.SH
20200615,601186.SH
20200615,601198.SH
20200615,601211.SH
20200615,601212.SH
20200615,601216.SH
20200615,601225.SH
20200615,601229.SH
20200615,601231.SH
20200615,601236.SH
20200615,601238.SH
20200615,601288.SH
20200615,601298.SH
20200615,601318.SH
20200615,601319.SH
20200615,601328.SH
20200615,601336.SH
20200615,601360.SH
20200615,601377.SH
20200615,601390.SH
20200615,601398.SH
20200615,601555.SH
20200615,601577.SH
20200615,601600.SH
20200615,601601.SH
20200615,601607.SH
20200615,601618.SH
20200615,601628.SH
20200615,601633.SH
20200615,601658.SH
20200615,601668.SH
20200615,601669.SH
20200615,601688.SH
20200615,601698.SH
20200615,601727.SH
20200615,601766.SH
20200615,601788.SH
20200615,601800.SH
20200615,601808.SH
20200615,601816.SH
20200615,601818.SH
20200615,601828.SH
20200615,601838.SH
20200615,601857.SH
20200615,601877.SH
20200615,601878.SH
20200615,601881.SH
20200615,601888.SH
20200615,601898.SH
20200615,601899.SH
20200615,601901.SH
20200615,601916.SH
20200615,601919.SH
20200615,601933.SH
20200615,601939.SH
20200615,601985.SH
20200615,601988.SH
20200615,601989.SH
20200615,601992.SH
20200615,601997.SH
20200615,601998.SH
20200615,603019.SH
20200615,603156.SH
20200615,603160.SH
20200615,603259.SH
20200615,603260.SH
20200615,603288.SH
20200615,603369.SH
20200615,603501.SH
20200615,603658.SH
20200615,603799.SH
20200615,603833.SH
20200615,603899.SH
20200615,603986.SH
20200615,603993.SH
20201214,000001.SZ
20201214,000002.SZ
20201214,000063.SZ
20201214,000066.SZ
20201214,000069.SZ
20201214,000100.SZ
20201214,000157.SZ
20201214,000166.SZ
20201214,000333.SZ
20201214,000338.SZ
20201214,000425.SZ
20201214,000538.SZ
20201214,000568.SZ
20201214,000596.SZ
20201214,000625.SZ
20201214,000627.SZ
20201214,000651.SZ
20201214,000656.SZ
20201214,000661.SZ
20201214,000671.SZ
20201214,000703.SZ
20201214,000708.SZ
20201214,000723.SZ
20201214,000725.SZ
20201214,000728.SZ
20201214,000768.SZ
20201214,000776.SZ
20201214,000783.SZ
20201214,000786.SZ
20201214,000858.SZ
20201214,000860.SZ
20201214,000876.SZ
20201214,000895.SZ
20201214,000938.SZ
20201214,000961.SZ
20201214,000963.SZ
20201214,000977.SZ
20201214,001979.SZ
20201214,002001.SZ
20201214,002007.SZ
20201214,002008.SZ
20201214,002024.SZ
20201214,002027.SZ
20201214,002032.SZ
20201214,002044.SZ
20201214,002049.SZ
20201214,002050.SZ
20201214,002120.SZ
20201214,002129.SZ
20201214,002142.SZ
20201214,002146.SZ
20201214,002153.SZ
20201214,002157.SZ
20201214,002179.SZ
20201214,002202.SZ
20201214,002230.SZ
20201214,002236.SZ
20201214,002241.SZ
20201214,002252.SZ
20201214,002271.SZ
20201214,002304.SZ
20201214,002311.SZ
20201214,002352.SZ
20201214,002371.SZ
20201214,002384.SZ
20201214,002410.SZ
20201214,002414.SZ
20201214,002415.SZ
20201214,002422.SZ
20201214,002456.SZ
20201214,002460.SZ
20201214,002463.SZ
20201214,002475.SZ
20201214,002493.SZ
20201214,002508.SZ
20201214,002555.SZ
20201214,002558.SZ
20201214,002594.SZ
20201214,002600.SZ
20201214,002601.SZ
20201214,002602.SZ
20201214,002607.SZ
20201214,002624.SZ
20201214,002673.SZ
20201214,002714.SZ
20201214,002736.SZ
20201214,002739.SZ
20201214,002773.SZ
20201214,002812.SZ
20201214,002821.SZ
20201214,002841.SZ
20201214,002916.SZ
20201214,002938.SZ
20201214,002939.SZ
20201214,002945.SZ
20201214,002958.SZ
20201214,003816.SZ
20201214,300003.SZ
20201214,300014.SZ
20201214,300015.SZ
20201214,300033.SZ
20201214,300059.SZ
20201214,300122.SZ
20201214,300124.SZ
20201214,300136.SZ
20201214,300142.SZ
20201214,300144.SZ
20201214,300347.SZ
20201214,300408.SZ
20201214,300413.SZ
20201214,300433.SZ
20201214,300498.SZ
20201214,300529.SZ
20201214,300601.SZ
20201214,300628.SZ
20201214,300676.SZ
20201214,600000.SH
20201214,600004.SH
20201214,600009.SH
20201214,600010.SH
20201214,600011.SH
20201214,600015.SH
20201214,600016.SH
20201214,600018.SH
20201214,600019.SH
20201214,600025.SH
20201214,600027.SH
20201214,600028.SH
20201214,600029.SH
20201214,600030.SH
20201214,600031.SH
20201214,600036.SH
20201214,600048.SH
20201214,600050.SH
20201214,600061.SH
20201214,600066.SH
20201214,600068.SH
20201214,600085.SH
20201214,600104.SH
20201214,600109.SH
20201214,600111.SH
20201214,600115.SH
20201214,600118.SH
20201214,600150.SH
20201214,600161.SH
20201214,600176.SH
20201214,600177.SH
20201214,600183.SH
20201214,600196.SH
20201214,600208.SH
20201214,600233.SH
20201214,600271.SH
20201214,600276.SH
20201214,600297.SH
20201214,600299.SH
20201214,600309.SH
20201214,600332.SH
20201214,600340.SH
20201214,600346.SH
20201214,600352.SH
20201214,600362.SH
20201214,600369.SH
20201214,600383.SH
20201214,600390.SH
20201214,600406.SH
20201214,600436.SH
20201214,600438.SH
20201214,600482.SH
20201214,600487.SH
20201214,600489.SH
20201214,600498.SH
20201214,600519.SH
20201214,600522.SH
20201214,600547.SH
20201214,600570.SH
20201214,600584.SH
20201214,600585.SH
20201214,600588.SH
20201214,600600.SH
20201214,600606.SH
20201214,600637.SH
20201214,600655.SH
20201214,600660.SH
20201214,600690.SH
20201214,600703.SH
20201214,600705.SH
20201214,600741.SH
20201214,600745.SH
20201214,600760.SH
20201214,600763.SH
20201214,600795.SH
20201214,600809.SH
20201214,600837.SH
20201214,600845.SH
20201214,600848.SH
20201214,600872.SH
20201214,600886.SH
20201214,600887.SH
20201214,600893.SH
20201214,600900.SH
20201214,600918.SH
20201214,600919.SH
20201214,600926.SH
20201214,600958.SH
20201214,600989.SH
20201214,600998.SH
20201214,600999.SH
20201214,601006.SH
20201214,601009.SH
20201214,601012.SH
20201214,601021.SH
20201214,601066.SH
20201214,601077.SH
20201214,601088.SH
20201214,601100.SH
20201214,601108.SH
20201214,601111.SH
20201214,601117.SH
20201214,601138.SH
20201214,601155.SH
20201214,601162.SH
20201214,601166.SH
20201214,601169.SH
20201214,601186.SH
20201214,601198.SH
20201214,601211.SH
20201214,601216.SH
20201214,601225.SH
20201214,601229.SH
20201214,601231.SH
20201214,601236.SH
20201214,601238.SH
20201214,601288.SH
20201214,601318.SH
20201214,601319.SH
20201214,601328.SH
20201214,601336.SH
20201214,601360.SH
20201214,601377.SH
20201214,601390.SH
20201214,601398.SH
20201214,601555.SH
20201214,601577.SH
20201214,601600.SH
20201214,601601.SH
20201214,601607.SH
20201214,601618.SH
20201214,601628.SH
20201214,601633.SH
20201214,601658.SH
20201214,601668.SH
20201214,601669.SH
20201214,601688.SH
20201214,601696.SH
20201214,601698.SH
20201214,601727.SH
20201214,601766.SH
20201214,601788.SH
20201214,601800.SH
20201214,601808.SH
20201214,601816.SH
20201214,601818.SH
20201214,601838.SH
20201214,601857.SH
20201214,601872.SH
20201214,601877.SH
20201214,601878.SH
20201214,601881.SH
20201214,601888.SH
20201214,601899.SH
20201214,601901.SH
20201214,601916.SH
20201214,601919.SH
20201214,601933.SH
20201214,601939.SH
20201214,601985.SH
20201214,601988.SH
20201214,601989.SH
20201214,601990.SH
20201214,601998.SH
20201214,603019.SH
20201214,603087.SH
20201214,603156.SH
20201214,603160.SH
20201214,603195.SH
20201214,603259.SH
20201214,603288.SH
20201214,603369.SH
20201214,603392.SH
20201214,603501.SH
20201214,603658.SH
20201214,603799.SH
20201214,603833.SH
20201214,603899.SH
20201214,603986.SH
20201214,603993.SH
20201214,688008.SH
20201214,688009.SH
20201214,688012.SH
20201214,688036.SH
20210719,000001.SZ
20210719,000002.SZ
20210719,000063.SZ
20210719,000066.SZ
20210719,000069.SZ
20210719,000100.SZ
20210719,000157.SZ
20210719,000166.SZ
20210719,000333.SZ
20210719,000338.SZ
20210719,000425.SZ
20210719,000538.SZ
20210719,000568.SZ
20210719,000596.SZ
20210719,000625.SZ
20210719,000651.SZ
20210719,000656.SZ
20210719,000661.SZ
20210719,000703.SZ
20210719,000708.SZ
20210719,000725.SZ
20210719,000728.SZ
20210719,000768.SZ
20210719,000776.SZ
20210719,000783.SZ
20210719,000786.SZ
20210719,000800.SZ
20210719,000858.SZ
20210719,000860.SZ
20210719,000876.SZ
20210719,000895.SZ
20210719,000938.SZ
20210719,000963.SZ
20210719,000977.SZ
20210719,001979.SZ
20210719,002001.SZ
20210719,002007.SZ
20210719,002008.SZ
20210719,002024.SZ
20210719,002027.SZ
20210719,002032.SZ
20210719,002044.SZ
20210719,002049.SZ
20210719,002050.SZ
20210719,002120.SZ
20210719,002129.SZ
20210719,002142.SZ
20210719,002153.SZ
20210719,002157.SZ
20210719,002179.SZ
20210719,002202.SZ
20210719,002230.SZ
20210719,002236.SZ
20210719,002241.SZ
20210719,002252.SZ
20210719,002271.SZ
20210719,002304.SZ
20210719,002311.SZ
20210719,002352.SZ
20210719,002371.SZ
20210719,002384.SZ
20210719,002410.SZ
20210719,002414.SZ
20210719,002415.SZ
20210719,002456.SZ
20210719,002460.SZ
20210719,002463.SZ
20210719,002475.SZ
20210719,002493.SZ
20210719,002508.SZ
20210719,002555.SZ
20210719,002558.SZ
20210719,002594.SZ
20210719,002600.SZ
20210719,002601.SZ
20210719,002602.SZ
20210719,002607.SZ
20210719,002624.SZ
20210719,002673.SZ
20210719,002714.SZ
20210719,002736.SZ
20210719,002739.SZ
20210719,002773.SZ
20210719,002812.SZ
20210719,002821.SZ
20210719,002841.SZ
20210719,002916.SZ
20210719,002938.SZ
20210719,002939.SZ
20210719,002945.SZ
20210719,003816.SZ
20210719,300003.SZ
20210719,300014.SZ
20210719,300015.SZ
20210719,300033.SZ
20210719,300059.SZ
20210719,300122.SZ
20210719,300124.SZ
20210719,300136.SZ
20210719,300142.SZ
20210719,300144.SZ
20210719,300274.SZ
20210719,300347.SZ
20210719,300408.SZ
20210719,300413.SZ
20210719,300433.SZ
20210719,300450.SZ
20210719,300498.SZ
20210719,300529.SZ
20210719,300558.SZ
20210719,300595.SZ
20210719,300601.SZ
20210719,300628.SZ
20210719,300676.SZ
20210719,300677.SZ
20210719,600000.SH
20210719,600009.SH
20210719,600010.SH
20210719,600011.SH
20210719,600015.SH
20210719,600016.SH
20210719,600018.SH
20210719,600019.SH
20210719,600025.SH
20210719,600028.SH
20210719,600029.SH
20210719,600030.SH
20210719,600031.SH
20210719,600036.SH
20210719,600048.SH
20210719,600050.SH
20210719,600061.SH
20210719,600079.SH
20210719,600085.SH
20210719,600104.SH
20210719,600109.SH
20210719,600111.SH
20210719,600115.SH
20210719,600118.SH
20210719,600132.SH
20210719,600143.SH
20210719,600150.SH
20210719,600161.SH
20210719,600176.SH
20210719,600183.SH
20210719,600196.SH
20210719,600233.SH
20210719,600276.SH
20210719,600299.SH
20210719,600309.SH
20210719,600332.SH
20210719,600340.SH
20210719,600346.SH
20210719,600352.SH
20210719,600362.SH
20210719,600383.SH
20210719,600406.SH
20210719,600426.SH
20210719,600436.SH
20210719,600438.SH
20210719,600482.SH
20210719,600489.SH
20210719,600519.SH
20210719,600521.SH
20210719,600522.SH
20210719,600547.SH
20210719,600570.SH
20210719,600584.SH
20210719,600585.SH
20210719,600588.SH
20210719,600600.SH
20210719,600606.SH
20210719,600655.SH
20210719,600660.SH
20210719,600690.SH
20210719,600703.SH
20210719,600705.SH
20210719,600741.SH
20210719,600745.SH
20210719,600760.SH
20210719,600763.SH
20210719,600795.SH
20210719,600809.SH
20210719,600837.SH
20210719,600845.SH
20210719,600848.SH
20210719,600872.SH
20210719,600886.SH
20210719,600887.SH
20210719,600893.SH
20210719,600900.SH
20210719,600918.SH
20210719,600919.SH
20210719,600926.SH
20210719,600958.SH
20210719,600989.SH
20210719,600999.SH
20210719,601006.SH
20210719,601009.SH
20210719,601012.SH
20210719,601021.SH
20210719,601066.SH
20210719,601077.SH
20210719,601088.SH
20210719,601100.SH
20210719,601108.SH
20210719,601111.SH
20210719,601138.SH
20210719,601155.SH
20210719,601162.SH
20210719,601166.SH
20210719,601169.SH
20210719,601186.SH
20210719,601211.SH
20210719,601216.SH
20210719,601225.SH
20210719,601229.SH
20210719,601231.SH
20210719,601236.SH
20210719,601238.SH
20210719,601288.SH
20210719,601318.SH
20210719,601319.SH
20210719,601328.SH
20210719,601336.SH
20210719,601360.SH
20210719,601377.SH
20210719,601390.SH
20210719,601398.SH
20210719,601555.SH
20210719,601600.SH
20210719,601601.SH
20210719,601607.SH
20210719,601618.SH
20210719,601628.SH
20210719,601633.SH
20210719,601658.SH
20210719,601668.SH
20210719,601669.SH
20210719,601688.SH
20210719,601696.SH
20210719,601698.SH
20210719,601727.SH
20210719,601766.SH
20210719,601788.SH
20210719,601799.SH
20210719,601800.SH
20210719,601808.SH
20210719,601816.SH
20210719,601818.SH
20210719,601838.SH
20210719,601857.SH
20210719,601872.SH
20210719,601877.SH
20210719,601878.SH
20210719,601881.SH
20210719,601888.SH
20210719,601899.SH
20210719,601901.SH
20210719,601916.SH
20210719,601919.SH
20210719,601933.SH
20210719,601939.SH
20210719,601985.SH
20210719,601988.SH
20210719,601989.SH
20210719,601990.SH
20210719,601995.SH
20210719,601998.SH
20210719,603019.SH
20210719,603087.SH
20210719,603160.SH
20210719,603195.SH
20210719,603233.SH
20210719,603259.SH
20210719,603288.SH
20210719,603338.SH
20210719,603369.SH
20210719,603392.SH
20210719,603501.SH
20210719,603517.SH
20210719,603658.SH
20210719,603659.SH
20210719,603799.SH
20210719,603806.SH
20210719,603833.SH
20210719,603882.SH
20210719,603899.SH
20210719,603939.SH
20210719,603986.SH
20210719,603993.SH
20210719,688008.SH
20210719,688009.SH
20210719,688012.SH
20210719,688036.SH
20210719,688111.SH
20210719,688126.SH
20210719,688169.SH
20210719,688363.SH
20210719,688396.SH
20220117,000001.SZ
20220117,000002.SZ
20220117,000063.SZ
20220117,000066.SZ
20220117,000069.SZ
20220117,000100.SZ
20220117,000157.SZ
20220117,000166.SZ
20220117,000301.SZ
20220117,000333.SZ
20220117,000338.SZ
20220117,000425.SZ
20220117,000538.SZ
20220117,000568.SZ
20220117,000596.SZ
20220117,000625.SZ
20220117,000651.SZ
20220117,000661.SZ
20220117,000703.SZ
20220117,000708.SZ
20220117,000725.SZ
20220117,000768.SZ
20220117,000776.SZ
20220117,000783.SZ
20220117,000786.SZ
20220117,000800.SZ
20220117,000858.SZ
20220117,000876.SZ
20220117,000895.SZ
20220117,000938.SZ
20220117,000963.SZ
20220117,000977.SZ
20220117,001979.SZ
20220117,002001.SZ
20220117,002007.SZ
20220117,002008.SZ
20220117,002024.SZ
20220117,002027.SZ
20220117,002032.SZ
20220117,002044.SZ
20220117,002049.SZ
20220117,002050.SZ
20220117,002064.SZ
20220117,002120.SZ
20220117,002129.SZ
20220117,002142.SZ
20220117,002157.SZ
20220117,002179.SZ
20220117,002202.SZ
20220117,002230.SZ
20220117,002236.SZ
20220117,002241.SZ
20220117,002252.SZ
20220117,002271.SZ
20220117,002304.SZ
20220117,002311.SZ
20220117,002352.SZ
20220117,002371.SZ
20220117,002410.SZ
20220117,002414.SZ
20220117,002415.SZ
20220117,002459.SZ
20220117,002460.SZ
20220117,002466.SZ
20220117,002475.SZ
20220117,002493.SZ
20220117,002555.SZ
20220117,002568.SZ
20220117,002594.SZ
20220117,002600.SZ
20220117,002601.SZ
20220117,002602.SZ
20220117,002607.SZ
20220117,002624.SZ
20220117,002709.SZ
20220117,002714.SZ
20220117,002736.SZ
20220117,002791.SZ
20220117,002812.SZ
20220117,002821.SZ
20220117,002841.SZ
20220117,002916.SZ
20220117,002938.SZ
20220117,003816.SZ
20220117,300003.SZ
20220117,300014.SZ
20220117,300015.SZ
20220117,300033.SZ
20220117,300059.SZ
20220117,300122.SZ
20220117,300124.SZ
20220117,300142.SZ
20220117,300144.SZ
20220117,300274.SZ
20220117,300316.SZ
20220117,300347.SZ
20220117,300408.SZ
20220117,300413.SZ
20220117,300433.SZ
20220117,300450.SZ
20220117,300498.SZ
20220117,300529.SZ
20220117,300558.SZ
20220117,300595.SZ
20220117,300601.SZ
20220117,300628.SZ
20220117,300676.SZ
20220117,300677.SZ
20220117,300750.SZ
20220117,300759.SZ
20220117,300760.SZ
20220117,300782.SZ
20220117,300866.SZ
20220117,300888.SZ
20220117,300896.SZ
20220117,300999.SZ
20220117,600000.SH
20220117,600009.SH
20220117,600010.SH
20220117,600011.SH
20220117,600015.SH
20220117,600016.SH
20220117,600018.SH
20220117,600019.SH
20220117,600025.SH
20220117,600028.SH
20220117,600029.SH
20220117,600030.SH
20220117,600031.SH
20220117,600036.SH
20220117,600048.SH
20220117,600050.SH
20220117,600061.SH
20220117,600079.SH
20220117,600085.SH
20220117,600104.SH
20220117,600109.SH
20220117,600111.SH
20220117,600115.SH
20220117,600132.SH
20220117,600143.SH
20220117,600150.SH
20220117,600161.SH
20220117,600176.SH
20220117,600183.SH
20220117,600196.SH
20220117,600276.SH
20220117,600309.SH
20220117,600332.SH
20220117,600346.SH
20220117,600352.SH
20220117,600362.SH
20220117,600383.SH
20220117,600406.SH
20220117,600426.SH
20220117,600436.SH
20220117,600438.SH
20220117,600489.SH
20220117,600519.SH
20220117,600547.SH
20220117,600570.SH
20220117,600584.SH
20220117,600585.SH
20220117,600588.SH
20220117,600600.SH
20220117,600606.SH
20220117,600655.SH
20220117,600660.SH
20220117,600690.SH
20220117,600741.SH
20220117,600745.SH
20220117,600760.SH
20220117,600763.SH
20220117,600795.SH
20220117,600809.SH
20220117,600837.SH
20220117,600845.SH
20220117,600848.SH
20220117,600872.SH
20220117,600886.SH
20220117,600887.SH
20220117,600893.SH
20220117,600900.SH
20220117,600905.SH
20220117,600918.SH
20220117,600919.SH
20220117,600926.SH
20220117,600958.SH
20220117,600989.SH
20220117,600999.SH
20220117,601006.SH
20220117,601009.SH
20220117,601012.SH
20220117,601021.SH
20220117,601066.SH
20220117,601088.SH
20220117,601100.SH
20220117,601108.SH
20220117,601111.SH
20220117,601138.SH
20220117,601155.SH
20220117,601162.SH
20220117,601166.SH
20220117,601169.SH
20220117,601186.SH
20220117,601211.SH
20220117,601216.SH
20220117,601225.SH
20220117,601229.SH
20220117,601231.SH
20220117,601236.SH
20220117,601238.SH
20220117,601288.SH
20220117,601318.SH
20220117,601319.SH
20220117,601328.SH
20220117,601336.SH
20220117,601360.SH
20220117,601377.SH
20220117,601390.SH
20220117,601398.SH
20220117,601600.SH
20220117,601601.SH
20220117,601607.SH
20220117,601618.SH
20220117,601628.SH
20220117,601633.SH
20220117,601658.SH
20220117,601668.SH
20220117,601669.SH
20220117,601688.SH
20220117,601696.SH
20220117,601698.SH
20220117,601728.SH
20220117,601766.SH
20220117,601788.SH
20220117,601799.SH
20220117,601800.SH
20220117,601808.SH
20220117,601816.SH
20220117,601818.SH
20220117,601838.SH
20220117,601857.SH
20220117,601865.SH
20220117,601868.SH
20220117,601877.SH
20220117,601878.SH
20220117,601881.SH
20220117,601888.SH
20220117,601898.SH
20220117,601899.SH
20220117,601901.SH
20220117,601916.SH
20220117,601919.SH
20220117,601933.SH
20220117,601939.SH
20220117,601966.SH
20220117,601985.SH
20220117,601988.SH
20220117,601989.SH
20220117,601990.SH
20220117,601995.SH
20220117,601998.SH
20220117,603019.SH
20220117,603087.SH
20220117,603160.SH
20220117,603195.SH
20220117,603233.SH
20220117,603259.SH
20220117,603260.SH
20220117,603288.SH
20220117,603338.SH
20220117,603369.SH
20220117,603392.SH
20220117,603486.SH
20220117,603501.SH
20220117,603517.SH
20220117,603658.SH
20220117,603659.SH
20220117,603799.SH
20220117,603806.SH
20220117,603833.SH
20220117,603882.SH
20220117,603899.SH
20220117,603939.SH
20220117,603986.SH
20220117,603993.SH
20220117,605499.SH
20220117,688008.SH
20220117,688009.SH
20220117,688012.SH
20220117,688036.SH
20220117,688111.SH
20220117,688126.SH
20220117,688169.SH
20220117,688363.SH
20220117,688396.SH
20220117,688561.SH
20220117,688599.SH
20220117,688981.SH
20220613,000001.SZ
20220613,000002.SZ
20220613,000063.SZ
20220613,000066.SZ
20220613,000069.SZ
20220613,000100.SZ
20220613,000157.SZ
20220613,000166.SZ
20220613,000301.SZ
20220613,000333.SZ
20220613,000338.SZ
20220613,000408.SZ
20220613,000425.SZ
20220613,000538.SZ
20220613,000568.SZ
20220613,000596.SZ
20220613,000625.SZ
20220613,000651.SZ
20220613,000661.SZ
20220613,000703.SZ
20220613,000708.SZ
20220613,000725.SZ
20220613,000768.SZ
20220613,000776.SZ
20220613,000786.SZ
20220613,000792.SZ
20220613,000800.SZ
20220613,000858.SZ
20220613,000876.SZ
20220613,000877.SZ
20220613,000895.SZ
20220613,000938.SZ
20220613,000963.SZ
20220613,000977.SZ
20220613,001289.SZ
20220613,001979.SZ
20220613,002001.SZ
20220613,002007.SZ
20220613,002008.SZ
20220613,002027.SZ
20220613,002032.SZ
20220613,002049.SZ
20220613,002050.SZ
20220613,002064.SZ
20220613,002074.SZ
20220613,002120.SZ
20220613,002129.SZ
20220613,002142.SZ
20220613,002179.SZ
20220613,002202.SZ
20220613,002230.SZ
20220613,002236.SZ
20220613,002241.SZ
20220613,002252.SZ
20220613,002271.SZ
20220613,002304.SZ
20220613,002311.SZ
20220613,002352.SZ
20220613,002371.SZ
20220613,002410.SZ
20220613,002414.SZ
20220613,002415.SZ
20220613,002459.SZ
20220613,002460.SZ
20220613,002466.SZ
20220613,002475.SZ
20220613,002493.SZ
20220613,002555.SZ
20220613,002568.SZ
20220613,002594.SZ
20220613,002600.SZ
20220613,002601.SZ
20220613,002602.SZ
20220613,002607.SZ
20220613,002648.SZ
20220613,002709.SZ
20220613,002714.SZ
20220613,002736.SZ
20220613,002791.SZ
20220613,002812.SZ
20220613,002821.SZ
20220613,002841.SZ
20220613,002916.SZ
20220613,002920.SZ
20220613,002938.SZ
20220613,003816.SZ
20220613,300003.SZ
20220613,300014.SZ
20220613,300015.SZ
20220613,300033.SZ
20220613,300059.SZ
20220613,300122.SZ
20220613,300124.SZ
20220613,300142.SZ
20220613,300207.SZ
20220613,300223.SZ
20220613,300274.SZ
20220613,300316.SZ
20220613,300347.SZ
20220613,300408.SZ
20220613,300413.SZ
20220613,300433.SZ
20220613,300450.SZ
20220613,300454.SZ
20220613,300496.SZ
20220613,300498.SZ
20220613,300529.SZ
20220613,300595.SZ
20220613,300601.SZ
20220613,300628.SZ
20220613,300661.SZ
20220613,300750.SZ
20220613,300751.SZ
20220613,300759.SZ
20220613,300760.SZ
20220613,300763.SZ
20220613,300782.SZ
20220613,300866.SZ
20220613,300896.SZ
20220613,300919.SZ
20220613,300957.SZ
20220613,300979.SZ
20220613,300999.SZ
20220613,600000.SH
20220613,600009.SH
20220613,600010.SH
20220613,600011.SH
20220613,600015.SH
20220613,600016.SH
20220613,600018.SH
20220613,600019.SH
20220613,600025.SH
20220613,600028.SH
20220613,600029.SH
20220613,600030.SH
20220613,600031.SH
20220613,600036.SH
20220613,600048.SH
20220613,600050.SH
20220613,600061.SH
20220613,600085.SH
20220613,600089.SH
20220613,600104.SH
20220613,600111.SH
20220613,600115.SH
20220613,600132.SH
20220613,600150.SH
20220613,600161.SH
20220613,600176.SH
20220613,600183.SH
20220613,600188.SH
20220613,600196.SH
20220613,600219.SH
20220613,600276.SH
20220613,600309.SH
20220613,600332.SH
20220613,600346.SH
20220613,600352.SH
20220613,600362.SH
20220613,600383.SH
20220613,600406.SH
20220613,600426.SH
20220613,600436.SH
20220613,600438.SH
20220613,600460.SH
20220613,600489.SH
20220613,600519.SH
20220613,600547.SH
20220613,600570.SH
20220613,600584.SH
20220613,600585.SH
20220613,600588.SH
20220613,600600.SH
20220613,600606.SH
20220613,600655.SH
20220613,600660.SH
20220613,600690.SH
20220613,600741.SH
20220613,600745.SH
20220613,600760.SH
20220613,600763.SH
20220613,600795.SH
20220613,600809.SH
20220613,600837.SH
20220613,600845.SH
20220613,600886.SH
20220613,600887.SH
20220613,600893.SH
20220613,600900.SH
20220613,600905.SH
20220613,600918.SH
20220613,600919.SH
20220613,600926.SH
20220613,600941.SH
20220613,600958.SH
20220613,600989.SH
20220613,600999.SH
20220613,601006.SH
20220613,601009.SH
20220613,601012.SH
20220613,601021.SH
20220613,601066.SH
20220613,601088.SH
20220613,601100.SH
20220613,601111.SH
20220613,601117.SH
20220613,601138.SH
20220613,601155.SH
20220613,601166.SH
20220613,601169.SH
20220613,601186.SH
20220613,601211.SH
20220613,601216.SH
20220613,601225.SH
20220613,601229.SH
20220613,601236.SH
20220613,601238.SH
20220613,601288.SH
20220613,601318.SH
20220613,601319.SH
20220613,601328.SH
20220613,601336.SH
20220613,601360.SH
20220613,601377.SH
20220613,601390.SH
20220613,601398.SH
20220613,601600.SH
20220613,601601.SH
20220613,601618.SH
20220613,601628.SH
20220613,601633.SH
20220613,601658.SH
20220613,601668.SH
20220613,601669.SH
20220613,601688.SH
20220613,601698.SH
20220613,601728.SH
20220613,601766.SH
20220613,601788.SH
20220613,601799.SH
20220613,601800.SH
20220613,601808.SH
20220613,601816.SH
20220613,601818.SH
20220613,601825.SH
20220613,601838.SH
20220613,601857.SH
20220613,601865.SH
20220613,601868.SH
20220613,601877.SH
20220613,601878.SH
20220613,601881.SH
20220613,601888.SH
20220613,601898.SH
20220613,601899.SH
20220613,601901.SH
20220613,601916.SH
20220613,601919.SH
20220613,601939.SH
20220613,601966.SH
20220613,601985.SH
20220613,601988.SH
20220613,601989.SH
20220613,601995.SH
20220613,601998.SH
20220613,603019.SH
20220613,603087.SH
20220613,603160.SH
20220613,603185.SH
20220613,603195.SH
20220613,603259.SH
20220613,603260.SH
20220613,603288.SH
20220613,603290.SH
20220613,603369.SH
20220613,603392.SH
20220613,603486.SH
20220613,603501.SH
20220613,603659.SH
20220613,603799.SH
20220613,603806.SH
20220613,603833.SH
20220613,603882.SH
20220613,603899.SH
20220613,603986.SH
20220613,603993.SH
20220613,605499.SH
20220613,688005.SH
20220613,688008.SH
20220613,688012.SH
20220613,688036.SH
20220613,688065.SH
20220613,688111.SH
20220613,688126.SH
20220613,688169.SH
20220613,688363.SH
20220613,688396.SH
20220613,688561.SH
20220613,688599.SH
20220613,688981.SH
20230320,000001.SZ
20230320,000002.SZ
20230320,000063.SZ
20230320,000069.SZ
20230320,000100.SZ
20230320,000157.SZ
20230320,000166.SZ
20230320,000301.SZ
20230320,000333.SZ
20230320,000338.SZ
20230320,000408.SZ
20230320,000425.SZ
20230320,000538.SZ
20230320,000568.SZ
20230320,000596.SZ
20230320,000625.SZ
20230320,000651.SZ
20230320,000661.SZ
20230320,000708.SZ
20230320,000723.SZ
20230320,000725.SZ
20230320,000733.SZ
20230320,000768.SZ
20230320,000776.SZ
20230320,000786.SZ
20230320,000792.SZ
20230320,000800.SZ
20230320,000858.SZ
20230320,000876.SZ
20230320,000877.SZ
20230320,000895.SZ
20230320,000938.SZ
20230320,000963.SZ
20230320,000977.SZ
20230320,001289.SZ
20230320,001979.SZ
20230320,002001.SZ
20230320,002007.SZ
20230320,002008.SZ
20230320,002027.SZ
20230320,002032.SZ
20230320,002049.SZ
20230320,002050.SZ
20230320,002064.SZ
20230320,002074.SZ
20230320,002120.SZ
20230320,002129.SZ
20230320,002142.SZ
20230320,002179.SZ
20230320,002180.SZ
20230320,002202.SZ
20230320,002230.SZ
20230320,002236.SZ
20230320,002241.SZ
20230320,002252.SZ
20230320,002271.SZ
20230320,002304.SZ
20230320,002311.SZ
20230320,002352.SZ
20230320,002371.SZ
20230320,002410.SZ
20230320,002414.SZ
20230320,002415.SZ
20230320,002459.SZ
20230320,002460.SZ
20230320,002466.SZ
20230320,002475.SZ
20230320,002493.SZ
20230320,002555.SZ
20230320,002594.SZ
20230320,002600.SZ
20230320,002601.SZ
20230320,002602.SZ
20230320,002648.SZ
20230320,002709.SZ
20230320,002714.SZ
20230320,002736.SZ
20230320,002756.SZ
20230320,002812.SZ
20230320,002821.SZ
20230320,002841.SZ
20230320,002916.SZ
20230320,002920.SZ
20230320,002938.SZ
20230320,003816.SZ
20230320,300014.SZ
20230320,300015.SZ
20230320,300033.SZ
20230320,300059.SZ
20230320,300122.SZ
20230320,300124.SZ
20230320,300142.SZ
20230320,300207.SZ
20230320,300223.SZ
20230320,300274.SZ
20230320,300316.SZ
20230320,300347.SZ
20230320,300408.SZ
20230320,300413.SZ
20230320,300433.SZ
20230320,300450.SZ
20230320,300454.SZ
20230320,300496.SZ
20230320,300498.SZ
20230320,300529.SZ
20230320,300595.SZ
20230320,300601.SZ
20230320,300628.SZ
20230320,300661.SZ
20230320,300750.SZ
20230320,300751.SZ
20230320,300759.SZ
20230320,300760.SZ
20230320,300763.SZ
20230320,300769.SZ
20230320,300782.SZ
20230320,300896.SZ
20230320,300919.SZ
20230320,300957.SZ
20230320,300979.SZ
20230320,300999.SZ
20230320,600000.SH
20230320,600009.SH
20230320,600010.SH
20230320,600011.SH
20230320,600015.SH
20230320,600016.SH
20230320,600018.SH
20230320,600019.SH
20230320,600025.SH
20230320,600028.SH
20230320,600029.SH
20230320,600030.SH
20230320,600031.SH
20230320,600036.SH
20230320,600039.SH
20230320,600048.SH
20230320,600050.SH
20230320,600061.SH
20230320,600085.SH
20230320,600089.SH
20230320,600104.SH
20230320,600111.SH
20230320,600115.SH
20230320,600132.SH
20230320,600150.SH
20230320,600176.SH
20230320,600183.SH
20230320,600188.SH
20230320,600196.SH
20230320,600219.SH
20230320,600233.SH
20230320,600276.SH
20230320,600309.SH
20230320,600332.SH
20230320,600346.SH
20230320,600362.SH
20230320,600383.SH
20230320,600406.SH
20230320,600426.SH
20230320,600436.SH
20230320,600438.SH
20230320,600460.SH
20230320,600519.SH
20230320,600547.SH
20230320,600570.SH
20230320,600584.SH
20230320,600585.SH
20230320,600588.SH
20230320,600600.SH
20230320,600606.SH
20230320,600660.SH
20230320,600674.SH
20230320,600690.SH
20230320,600741.SH
20230320,600745.SH
20230320,600760.SH
20230320,600763.SH
20230320,600795.SH
20230320,600803.SH
20230320,600809.SH
20230320,600837.SH
20230320,600845.SH
20230320,600884.SH
20230320,600886.SH
20230320,600887.SH
20230320,600893.SH
20230320,600900.SH
20230320,600905.SH
20230320,600918.SH
20230320,600919.SH
20230320,600926.SH
20230320,600941.SH
20230320,600958.SH
20230320,600989.SH
20230320,600999.SH
20230320,601006.SH
20230320,601009.SH
20230320,601012.SH
20230320,601021.SH
20230320,601066.SH
20230320,601088.SH
20230320,601100.SH
20230320,601111.SH
20230320,601117.SH
20230320,601138.SH
20230320,601155.SH
20230320,601166.SH
20230320,601169.SH
20230320,601186.SH
20230320,601211.SH
20230320,601216.SH
20230320,601225.SH
20230320,601229.SH
20230320,601236.SH
20230320,601238.SH
20230320,601288.SH
20230320,601318.SH
20230320,601319.SH
20230320,601328.SH
20230320,601336.SH
20230320,601360.SH
20230320,601377.SH
20230320,601390.SH
20230320,601398.SH
20230320,601600.SH
20230320,601601.SH
20230320,601615.SH
20230320,601618.SH
20230320,601628.SH
20230320,601633.SH
20230320,601658.SH
20230320,601668.SH
20230320,601669.SH
20230320,601688.SH
20230320,601689.SH
20230320,601698.SH
20230320,601728.SH
20230320,601766.SH
20230320,601788.SH
20230320,601799.SH
20230320,601800.SH
20230320,601808.SH
20230320,601816.SH
20230320,601818.SH
20230320,601838.SH
20230320,601857.SH
20230320,601865.SH
20230320,601868.SH
20230320,601877.SH
20230320,601878.SH
20230320,601881.SH
20230320,601888.SH
20230320,601898.SH
20230320,601899.SH
20230320,601901.SH
20230320,601919.SH
20230320,601939.SH
20230320,601966.SH
20230320,601985.SH
20230320,601988.SH
20230320,601989.SH
20230320,601995.SH
20230320,601998.SH
20230320,603019.SH
20230320,603185.SH
20230320,603195.SH
20230320,603259.SH
20230320,603260.SH
20230320,603288.SH
20230320,603290.SH
20230320,603369.SH
20230320,603392.SH
20230320,603486.SH
20230320,603501.SH
20230320,603659.SH
20230320,603799.SH
20230320,603806.SH
20230320,603833.SH
20230320,603882.SH
20230320,603899.SH
20230320,603986.SH
20230320,603993.SH
20230320,605117.SH
20230320,605499.SH
20230320,688005.SH
20230320,688008.SH
20230320,688012.SH
20230320,688036.SH
20230320,688065.SH
20230320,688111.SH
20230320,688126.SH
20230320,688169.SH
20230320,688187.SH
20230320,688303.SH
20230320,688363.SH
20230320,688396.SH
20230320,688561.SH
20230320,688599.SH
20230320,688981.SH
20230612,000001.SZ
20230612,000002.SZ
20230612,000063.SZ
20230612,000069.SZ
20230612,000100.SZ
20230612,000157.SZ
20230612,000166.SZ
20230612,000301.SZ
20230612,000333.SZ
20230612,000338.SZ
20230612,000408.SZ
20230612,000425.SZ
20230612,000538.SZ
20230612,000568.SZ
20230612,000596.SZ
20230612,000617.SZ
20230612,000625.SZ
20230612,000651.SZ
20230612,000661.SZ
20230612,000708.SZ
20230612,000723.SZ
20230612,000725.SZ
20230612,000733.SZ
20230612,000768.SZ
20230612,000776.SZ
20230612,000786.SZ
20230612,000792.SZ
20230612,000800.SZ
20230612,000858.SZ
20230612,000876.SZ
20230612,000877.SZ
20230612,000895.SZ
20230612,000938.SZ
20230612,000963.SZ
20230612,000977.SZ
20230612,000983.SZ
20230612,001289.SZ
20230612,001979.SZ
20230612,002001.SZ
20230612,002007.SZ
20230612,002027.SZ
20230612,002049.SZ
20230612,002050.SZ
20230612,002064.SZ
20230612,002074.SZ
20230612,002120.SZ
20230612,002129.SZ
20230612,002142.SZ
20230612,002179.SZ
20230612,002180.SZ
20230612,002202.SZ
20230612,002230.SZ
20230612,002236.SZ
20230612,002241.SZ
20230612,002252.SZ
20230612,002271.SZ
20230612,002304.SZ
20230612,002311.SZ
20230612,002352.SZ
20230612,002371.SZ
20230612,002410.SZ
20230612,002414.SZ
20230612,002415.SZ
20230612,002459.SZ
20230612,002460.SZ
20230612,002466.SZ
20230612,002475.SZ
20230612,002493.SZ
20230612,002555.SZ
20230612,002594.SZ
20230612,002601.SZ
20230612,002648.SZ
20230612,002709.SZ
20230612,002714.SZ
20230612,002736.SZ
20230612,002756.SZ
20230612,002812.SZ
20230612,002821.SZ
20230612,002841.SZ
20230612,002916.SZ
20230612,002920.SZ
20230612,002938.SZ
20230612,003816.SZ
20230612,300014.SZ
20230612,300015.SZ
20230612,300033.SZ
20230612,300059.SZ
20230612,300122.SZ
20230612,300124.SZ
20230612,300142.SZ
20230612,300207.SZ
20230612,300223.SZ
20230612,300274.SZ
20230612,300316.SZ
20230612,300347.SZ
20230612,300408.SZ
20230612,300413.SZ
20230612,300433.SZ
20230612,300450.SZ
20230612,300454.SZ
20230612,300496.SZ
20230612,300498.SZ
20230612,300601.SZ
20230612,300628.SZ
20230612,300661.SZ
20230612,300750.SZ
20230612,300751.SZ
20230612,300759.SZ
20230612,300760.SZ
20230612,300763.SZ
20230612,300769.SZ
20230612,300782.SZ
20230612,300896.SZ
20230612,300919.SZ
20230612,300957.SZ
20230612,300979.SZ
20230612,300999.SZ
20230612,600000.SH
20230612,600009.SH
20230612,600010.SH
20230612,600011.SH
20230612,600015.SH
20230612,600016.SH
20230612,600018.SH
20230612,600019.SH
20230612,600025.SH
20230612,600028.SH
20230612,600029.SH
20230612,600030.SH
20230612,600031.SH
20230612,600036.SH
20230612,600039.SH
20230612,600048.SH
20230612,600050.SH
20230612,600061.SH
20230612,600085.SH
20230612,600089.SH
20230612,600104.SH
20230612,600111.SH
20230612,600115.SH
20230612,600132.SH
20230612,600150.SH
20230612,600176.SH
20230612,600183.SH
20230612,600188.SH
20230612,600196.SH
20230612,600219.SH
20230612,600233.SH
20230612,600276.SH
20230612,600309.SH
20230612,600332.SH
20230612,600346.SH
20230612,600362.SH
20230612,600383.SH
20230612,600406.SH
20230612,600426.SH
20230612,600436.SH
20230612,600438.SH
20230612,600460.SH
20230612,600519.SH
20230612,600547.SH
20230612,600570.SH
20230612,600584.SH
20230612,600585.SH
20230612,600588.SH
20230612,600600.SH
20230612,600606.SH
20230612,600660.SH
20230612,600674.SH
20230612,600690.SH
20230612,600732.SH
20230612,600741.SH
20230612,600745.SH
20230612,600754.SH
20230612,600760.SH
20230612,600763.SH
20230612,600795.SH
20230612,600803.SH
20230612,600809.SH
20230612,600837.SH
20230612,600845.SH
20230612,600875.SH
20230612,600884.SH
20230612,600886.SH
20230612,600887.SH
20230612,600893.SH
20230612,600900.SH
20230612,600905.SH
20230612,600918.SH
20230612,600919.SH
20230612,600926.SH
20230612,600941.SH
20230612,600958.SH
20230612,600989.SH
20230612,600999.SH
20230612,601006.SH
20230612,601009.SH
20230612,601012.SH
20230612,601021.SH
20230612,601066.SH
20230612,601088.SH
20230612,601100.SH
20230612,601111.SH
20230612,601117.SH
20230612,601138.SH
20230612,601155.SH
20230612,601166.SH
20230612,601169.SH
20230612,601186.SH
20230612,601211.SH
20230612,601216.SH
20230612,601225.SH
20230612,601229.SH
20230612,601236.SH
20230612,601238.SH
20230612,601288.SH
20230612,601318.SH
20230612,601319.SH
20230612,601328.SH
20230612,601336.SH
20230612,601360.SH
20230612,601377.SH
20230612,601390.SH
20230612,601398.SH
20230612,601600.SH
20230612,601601.SH
20230612,601607.SH
20230612,601615.SH
20230612,601618.SH
20230612,601628.SH
20230612,601633.SH
20230612,601658.SH
20230612,601668.SH
20230612,601669.SH
20230612,601688.SH
20230612,601689.SH
20230612,601698.SH
20230612,601699.SH
20230612,601728.SH
20230612,601766.SH
20230612,601788.SH
20230612,601799.SH
20230612,601800.SH
20230612,601808.SH
20230612,601816.SH
20230612,601818.SH
20230612,601838.SH
20230612,601857.SH
20230612,601865.SH
20230612,601868.SH
20230612,601872.SH
20230612,601877.SH
20230612,601878.SH
20230612,601881.SH
20230612,601888.SH
20230612,601898.SH
20230612,601899.SH
20230612,601901.SH
20230612,601919.SH
20230612,601939.SH
20230612,601985.SH
20230612,601988.SH
20230612,601989.SH
20230612,601995.SH
20230612,601998.SH
20230612,603019.SH
20230612,603185.SH
20230612,603195.SH
20230612,603259.SH
20230612,603260.SH
20230612,603288.SH
20230612,603290.SH
20230612,603369.SH
20230612,603392.SH
20230612,603486.SH
20230612,603501.SH
20230612,603659.SH
20230612,603799.SH
20230612,603806.SH
20230612,603833.SH
20230612,603899.SH
20230612,603986.SH
20230612,603993.SH
20230612,605117.SH
20230612,605499.SH
20230612,688005.SH
20230612,688008.SH
20230612,688012.SH
20230612,688036.SH
20230612,688065.SH
20230612,688111.SH
20230612,688126.SH
20230612,688187.SH
20230612,688223.SH
20230612,688303.SH
20230612,688363.SH
20230612,688396.SH
20230612,688561.SH
20230612,688599.SH
20230612,688981.SH
20231211,000001.SZ
20231211,000002.SZ
20231211,000063.SZ
20231211,000069.SZ
20231211,000100.SZ
20231211,000157.SZ
20231211,000166.SZ
20231211,000301.SZ
20231211,000333.SZ
20231211,000338.SZ
20231211,000408.SZ
20231211,000425.SZ
20231211,000538.SZ
20231211,000568.SZ
20231211,000596.SZ
20231211,000617.SZ
20231211,000625.SZ
20231211,000651.SZ
20231211,000661.SZ
20231211,000708.SZ
20231211,000725.SZ
20231211,000733.SZ
20231211,000768.SZ
20231211,000776.SZ
20231211,000786.SZ
20231211,000792.SZ
20231211,000800.SZ
20231211,000858.SZ
20231211,000876.SZ
20231211,000877.SZ
20231211,000895.SZ
20231211,000938.SZ
20231211,000963.SZ
20231211,000977.SZ
20231211,000983.SZ
20231211,000999.SZ
20231211,001289.SZ
20231211,001979.SZ
20231211,002001.SZ
20231211,002007.SZ
20231211,002027.SZ
20231211,002049.SZ
20231211,002050.SZ
20231211,002074.SZ
20231211,002129.SZ
20231211,002142.SZ
20231211,002179.SZ
20231211,002180.SZ
20231211,002202.SZ
20231211,002230.SZ
20231211,002236.SZ
20231211,002241.SZ
20231211,002252.SZ
20231211,002271.SZ
20231211,002304.SZ
20231211,002311.SZ
20231211,002352.SZ
20231211,002371.SZ
20231211,002410.SZ
20231211,002415.SZ
20231211,002459.SZ
20231211,002460.SZ
20231211,002466.SZ
20231211,002475.SZ
20231211,002493.SZ
20231211,002555.SZ
20231211,002594.SZ
20231211,002601.SZ
20231211,002603.SZ
20231211,002648.SZ
20231211,002709.SZ
20231211,002714.SZ
20231211,002736.SZ
20231211,002812.SZ
20231211,002821.SZ
20231211,002841.SZ
20231211,002916.SZ
20231211,002920.SZ
20231211,002938.SZ
20231211,003816.SZ
20231211,300014.SZ
20231211,300015.SZ
20231211,300033.SZ
20231211,300059.SZ
20231211,300122.SZ
20231211,300124.SZ
20231211,300142.SZ
20231211,300223.SZ
20231211,300274.SZ
20231211,300308.SZ
20231211,300316.SZ
20231211,300347.SZ
20231211,300408.SZ
20231211,300413.SZ
20231211,300433.SZ
20231211,300450.SZ
20231211,300454.SZ
20231211,300496.SZ
20231211,300498.SZ
20231211,300628.SZ
20231211,300661.SZ
20231211,300750.SZ
20231211,300751.SZ
20231211,300759.SZ
20231211,300760.SZ
20231211,300763.SZ
20231211,300782.SZ
20231211,300896.SZ
20231211,300919.SZ
20231211,300957.SZ
20231211,300979.SZ
20231211,300999.SZ
20231211,301269.SZ
20231211,600000.SH
20231211,600009.SH
20231211,600010.SH
20231211,600011.SH
20231211,600015.SH
20231211,600016.SH
20231211,600018.SH
20231211,600019.SH
20231211,600023.SH
20231211,600025.SH
20231211,600028.SH
20231211,600029.SH
20231211,600030.SH
20231211,600031.SH
20231211,600036.SH
20231211,600039.SH
20231211,600048.SH
20231211,600050.SH
20231211,600061.SH
20231211,600085.SH
20231211,600089.SH
20231211,600104.SH
20231211,600111.SH
20231211,600115.SH
20231211,600132.SH
20231211,600150.SH
20231211,600176.SH
20231211,600183.SH
20231211,600188.SH
20231211,600196.SH
20231211,600219.SH
20231211,600233.SH
20231211,600276.SH
20231211,600309.SH
20231211,600332.SH
20231211,600346.SH
20231211,600362.SH
20231211,600372.SH
20231211,600406.SH
20231211,600426.SH
20231211,600436.SH
20231211,600438.SH
20231211,600460.SH
20231211,600489.SH
20231211,600515.SH
20231211,600519.SH
20231211,600547.SH
20231211,600570.SH
20231211,600584.SH
20231211,600585.SH
20231211,600588.SH
20231211,600600.SH
20231211,600606.SH
20231211,600660.SH
20231211,600674.SH
20231211,600690.SH
20231211,600732.SH
20231211,600741.SH
20231211,600745.SH
20231211,600754.SH
20231211,600760.SH
20231211,600795.SH
20231211,600803.SH
20231211,600809.SH
20231211,600837.SH
20231211,600845.SH
20231211,600875.SH
20231211,600886.SH
20231211,600887.SH
20231211,600893.SH
20231211,600900.SH
20231211,600905.SH
20231211,600918.SH
20231211,600919.SH
20231211,600926.SH
20231211,600938.SH
20231211,600941.SH
20231211,600958.SH
20231211,600989.SH
20231211,600999.SH
20231211,601006.SH
20231211,601009.SH
20231211,601012.SH
20231211,601021.SH
20231211,601059.SH
20231211,601066.SH
20231211,601088.SH
20231211,601100.SH
20231211,601111.SH
20231211,601117.SH
20231211,601138.SH
20231211,601155.SH
20231211,601166.SH
20231211,601169.SH
20231211,601186.SH
20231211,601211.SH
20231211,601225.SH
20231211,601229.SH
20231211,601236.SH
20231211,601238.SH
20231211,601288.SH
20231211,601318.SH
20231211,601319.SH
20231211,601328.SH
20231211,601336.SH
20231211,601360.SH
20231211,601377.SH
20231211,601390.SH
20231211,601398.SH
20231211,601600.SH
20231211,601601.SH
20231211,601607.SH
20231211,601615.SH
20231211,601618.SH
20231211,601628.SH
20231211,601633.SH
20231211,601658.SH
20231211,601668.SH
20231211,601669.SH
20231211,601688.SH
20231211,601689.SH
20231211,601698.SH
20231211,601699.SH
20231211,601728.SH
20231211,601766.SH
20231211,601788.SH
20231211,601799.SH
20231211,601800.SH
20231211,601808.SH
20231211,601816.SH
20231211,601818.SH
20231211,601838.SH
20231211,601857.SH
20231211,601865.SH
20231211,601868.SH
20231211,601872.SH
20231211,601877.SH
20231211,601878.SH
20231211,601881.SH
20231211,601888.SH
20231211,601898.SH
20231211,601899.SH
20231211,601901.SH
20231211,601916.SH
20231211,601919.SH
20231211,601939.SH
20231211,601985.SH
20231211,601988.SH
20231211,601989.SH
20231211,601995.SH
20231211,601998.SH
20231211,603019.SH
20231211,603195.SH
20231211,603259.SH
20231211,603260.SH
20231211,603288.SH
20231211,603290.SH
20231211,603369.SH
20231211,603392.SH
20231211,603486.SH
20231211,603501.SH
20231211,603659.SH
20231211,603799.SH
20231211,603806.SH
20231211,603833.SH
20231211,603899.SH
20231211,603986.SH
20231211,603993.SH
20231211,605117.SH
20231211,605499.SH
20231211,688008.SH
20231211,688012.SH
20231211,688036.SH
20231211,688041.SH
20231211,688065.SH
20231211,688111.SH
20231211,688126.SH
20231211,688187.SH
20231211,688223.SH
20231211,688256.SH
20231211,688271.SH
20231211,688303.SH
20231211,688363.SH
20231211,688396.SH
20231211,688561.SH
20231211,688599.SH
20231211,688981.SH
20240617,000001.SZ
20240617,000002.SZ
20240617,000063.SZ
20240617,000100.SZ
20240617,000157.SZ
20240617,000166.SZ
20240617,000301.SZ
20240617,000333.SZ
20240617,000338.SZ
20240617,000408.SZ
20240617,000425.SZ
20240617,000538.SZ
20240617,000568.SZ
20240617,000596.SZ
20240617,000617.SZ
20240617,000625.SZ
20240617,000651.SZ
20240617,000661.SZ
20240617,000708.SZ
20240617,000725.SZ
20240617,000733.SZ
20240617,000768.SZ
20240617,000776.SZ
20240617,000786.SZ
20240617,000792.SZ
20240617,000800.SZ
20240617,000807.SZ
20240617,000858.SZ
20240617,000876.SZ
20240617,000895.SZ
20240617,000938.SZ
20240617,000963.SZ
20240617,000977.SZ
20240617,000983.SZ
20240617,000999.SZ
20240617,001289.SZ
20240617,001965.SZ
20240617,001979.SZ
20240617,002001.SZ
20240617,002007.SZ
20240617,002027.SZ
20240617,002049.SZ
20240617,002050.SZ
20240617,002074.SZ
20240617,002129.SZ
20240617,002142.SZ
20240617,002179.SZ
20240617,002180.SZ
20240617,002230.SZ
20240617,002236.SZ
20240617,002241.SZ
20240617,002252.SZ
20240617,002271.SZ
20240617,002304.SZ
20240617,002311.SZ
20240617,002352.SZ
20240617,002371.SZ
20240617,002410.SZ
20240617,002415.SZ
20240617,002459.SZ
20240617,002460.SZ
20240617,002466.SZ
20240617,002475.SZ
20240617,002493.SZ
20240617,002555.SZ
20240617,002594.SZ
20240617,002601.SZ
20240617,002603.SZ
20240617,002648.SZ
20240617,002709.SZ
20240617,002714.SZ
20240617,002736.SZ
20240617,002812.SZ
20240617,002821.SZ
20240617,002841.SZ
20240617,002916.SZ
20240617,002920.SZ
20240617,002938.SZ
20240617,003816.SZ
20240617,300014.SZ
20240617,300015.SZ
20240617,300033.SZ
20240617,300059.SZ
20240617,300122.SZ
20240617,300124.SZ
20240617,300142.SZ
20240617,300223.SZ
20240617,300274.SZ
20240617,300308.SZ
20240617,300316.SZ
20240617,300347.SZ
20240617,300408.SZ
20240617,300413.SZ
20240617,300418.SZ
20240617,300433.SZ
20240617,300442.SZ
20240617,300450.SZ
20240617,300454.SZ
20240617,300496.SZ
20240617,300498.SZ
20240617,300628.SZ
20240617,300661.SZ
20240617,300750.SZ
20240617,300751.SZ
20240617,300759.SZ
20240617,300760.SZ
20240617,300782.SZ
20240617,300832.SZ
20240617,300896.SZ
20240617,300919.SZ
20240617,300957.SZ
20240617,300979.SZ
20240617,300999.SZ
20240617,301269.SZ
20240617,600000.SH
20240617,600009.SH
20240617,600010.SH
20240617,600011.SH
20240617,600015.SH
20240617,600016.SH
20240617,600018.SH
20240617,600019.SH
20240617,600023.SH
20240617,600025.SH
20240617,600026.SH
20240617,600027.SH
20240617,600028.SH
20240617,600029.SH
20240617,600030.SH
20240617,600031.SH
20240617,600036.SH
20240617,600039.SH
20240617,600048.SH
20240617,600050.SH
20240617,600061.SH
20240617,600085.SH
20240617,600089.SH
20240617,600104.SH
20240617,600111.SH
20240617,600115.SH
20240617,600132.SH
20240617,600150.SH
20240617,600161.SH
20240617,600176.SH
20240617,600183.SH
20240617,600188.SH
20240617,600196.SH
20240617,600219.SH
20240617,600233.SH
20240617,600276.SH
20240617,600309.SH
20240617,600332.SH
20240617,600346.SH
20240617,600362.SH
20240617,600372.SH
20240617,600406.SH
20240617,600415.SH
20240617,600426.SH
20240617,600436.SH
20240617,600438.SH
20240617,600460.SH
20240617,600489.SH
20240617,600515.SH
20240617,600519.SH
20240617,600547.SH
20240617,600570.SH
20240617,600584.SH
20240617,600585.SH
20240617,600588.SH
20240617,600600.SH
20240617,600660.SH
20240617,600674.SH
20240617,600690.SH
20240617,600732.SH
20240617,600741.SH
20240617,600745.SH
20240617,600760.SH
20240617,600795.SH
20240617,600803.SH
20240617,600809.SH
20240617,600837.SH
20240617,600845.SH
20240617,600875.SH
20240617,600886.SH
20240617,600887.SH
20240617,600893.SH
20240617,600900.SH
20240617,600905.SH
20240617,600918.SH
20240617,600919.SH
20240617,600926.SH
20240617,600938.SH
20240617,600941.SH
20240617,600958.SH
20240617,600989.SH
20240617,600999.SH
20240617,601006.SH
20240617,601009.SH
20240617,601012.SH
20240617,601021.SH
20240617,601059.SH
20240617,601066.SH
20240617,601088.SH
20240617,601100.SH
20240617,601111.SH
20240617,601117.SH
20240617,601138.SH
20240617,601166.SH
20240617,601169.SH
20240617,601186.SH
20240617,601211.SH
20240617,601225.SH
20240617,601229.SH
20240617,601236.SH
20240617,601238.SH
20240617,601288.SH
20240617,601318.SH
20240617,601319.SH
20240617,601328.SH
20240617,601336.SH
20240617,601360.SH
20240617,601377.SH
20240617,601390.SH
20240617,601398.SH
20240617,601600.SH
20240617,601601.SH
20240617,601607.SH
20240617,601618.SH
20240617,601628.SH
20240617,601633.SH
20240617,601658.SH
20240617,601668.SH
20240617,601669.SH
20240617,601688.SH
20240617,601689.SH
20240617,601698.SH
20240617,601699.SH
20240617,601728.SH
20240617,601766.SH
20240617,601788.SH
20240617,601799.SH
20240617,601800.SH
20240617,601808.SH
20240617,601816.SH
20240617,601818.SH
20240617,601838.SH
20240617,601857.SH
20240617,601865.SH
20240617,601868.SH
20240617,601872.SH
20240617,601877.SH
20240617,601878.SH
20240617,601881.SH
20240617,601888.SH
20240617,601898.SH
20240617,601899.SH
20240617,601901.SH
20240617,601916.SH
20240617,601919.SH
20240617,601939.SH
20240617,601985.SH
20240617,601988.SH
20240617,601989.SH
20240617,601995.SH
20240617,601998.SH
20240617,603019.SH
20240617,603195.SH
20240617,603259.SH
20240617,603260.SH
20240617,603288.SH
20240617,603296.SH
20240617,603369.SH
20240617,603392.SH
20240617,603501.SH
20240617,603659.SH
20240617,603799.SH
20240617,603806.SH
20240617,603833.SH
20240617,603899.SH
20240617,603986.SH
20240617,603993.SH
20240617,605117.SH
20240617,605499.SH
20240617,688008.SH
20240617,688009.SH
20240617,688012.SH
20240617,688036.SH
20240617,688041.SH
20240617,688082.SH
20240617,688111.SH
20240617,688126.SH
20240617,688187.SH
20240617,688223.SH
20240617,688256.SH
20240617,688271.SH
20240617,688303.SH
20240617,688363.SH
20240617,688396.SH
20240617,688599.SH
20240617,688981.SH
20241216,000001.SZ
20241216,000002.SZ
20241216,000063.SZ
20241216,000100.SZ
20241216,000157.SZ
20241216,000166.SZ
20241216,000301.SZ
20241216,000333.SZ
20241216,000338.SZ
20241216,000408.SZ
20241216,000425.SZ
20241216,000538.SZ
20241216,000568.SZ
20241216,000596.SZ
20241216,000617.SZ
20241216,000625.SZ
20241216,000630.SZ
20241216,000651.SZ
20241216,000661.SZ
20241216,000708.SZ
20241216,000725.SZ
20241216,000768.SZ
20241216,000776.SZ
20241216,000786.SZ
20241216,000792.SZ
20241216,000800.SZ
20241216,000807.SZ
20241216,000858.SZ
20241216,000876.SZ
20241216,000895.SZ
20241216,000938.SZ
20241216,000963.SZ
20241216,000975.SZ
20241216,000977.SZ
20241216,000983.SZ
20241216,000999.SZ
20241216,001289.SZ
20241216,001965.SZ
20241216,001979.SZ
20241216,002001.SZ
20241216,002007.SZ
20241216,002027.SZ
20241216,002028.SZ
20241216,002049.SZ
20241216,002050.SZ
20241216,002074.SZ
20241216,002129.SZ
20241216,002142.SZ
20241216,002179.SZ
20241216,002180.SZ
20241216,002230.SZ
20241216,002236.SZ
20241216,002241.SZ
20241216,002252.SZ
20241216,002271.SZ
20241216,002304.SZ
20241216,002311.SZ
20241216,002352.SZ
20241216,002371.SZ
20241216,002415.SZ
20241216,002422.SZ
20241216,002459.SZ
20241216,002460.SZ
20241216,002463.SZ
20241216,002466.SZ
20241216,002475.SZ
20241216,002493.SZ
20241216,002555.SZ
20241216,002594.SZ
20241216,002601.SZ
20241216,002648.SZ
20241216,002709.SZ
20241216,002714.SZ
20241216,002736.SZ
20241216,002812.SZ
20241216,002916.SZ
20241216,002920.SZ
20241216,002938.SZ
20241216,003816.SZ
20241216,300014.SZ
20241216,300015.SZ
20241216,300033.SZ
20241216,300059.SZ
20241216,300122.SZ
20241216,300124.SZ
20241216,300274.SZ
20241216,300308.SZ
20241216,300316.SZ
20241216,300347.SZ
20241216,300394.SZ
20241216,300408.SZ
20241216,300413.SZ
20241216,300418.SZ
20241216,300433.SZ
20241216,300442.SZ
20241216,300450.SZ
20241216,300498.SZ
20241216,300502.SZ
20241216,300628.SZ
20241216,300661.SZ
20241216,300750.SZ
20241216,300759.SZ
20241216,300760.SZ
20241216,300782.SZ
20241216,300832.SZ
20241216,300896.SZ
20241216,300979.SZ
20241216,300999.SZ
20241216,301269.SZ
20241216,600000.SH
20241216,600009.SH
20241216,600010.SH
20241216,600011.SH
20241216,600015.SH
20241216,600016.SH
20241216,600018.SH
20241216,600019.SH
20241216,600023.SH
20241216,600025.SH
20241216,600026.SH
20241216,600027.SH
20241216,600028.SH
20241216,600029.SH
20241216,600030.SH
20241216,600031.SH
20241216,600036.SH
20241216,600039.SH
20241216,600048.SH
20241216,600050.SH
20241216,600061.SH
20241216,600066.SH
20241216,600085.SH
20241216,600089.SH
20241216,600104.SH
20241216,600111.SH
20241216,600115.SH
20241216,600150.SH
20241216,600160.SH
20241216,600161.SH
20241216,600176.SH
20241216,600183.SH
20241216,600188.SH
20241216,600196.SH
20241216,600219.SH
20241216,600233.SH
20241216,600276.SH
20241216,600309.SH
20241216,600332.SH
20241216,600346.SH
20241216,600362.SH
20241216,600372.SH
20241216,600377.SH
20241216,600406.SH
20241216,600415.SH
20241216,600426.SH
20241216,600436.SH
20241216,600438.SH
20241216,600460.SH
20241216,600482.SH
20241216,600489.SH
20241216,600515.SH
20241216,600519.SH
20241216,600547.SH
20241216,600570.SH
20241216,600584.SH
20241216,600585.SH
20241216,600588.SH
20241216,600600.SH
20241216,600660.SH
20241216,600674.SH
20241216,600690.SH
20241216,600741.SH
20241216,600745.SH
20241216,600760.SH
20241216,600795.SH
20241216,600803.SH
20241216,600809.SH
20241216,600837.SH
20241216,600845.SH
20241216,600875.SH
20241216,600886.SH
20241216,600887.SH
20241216,600893.SH
20241216,600900.SH
20241216,600905.SH
20241216,600918.SH
20241216,600919.SH
20241216,600926.SH
20241216,600938.SH
20241216,600941.SH
20241216,600958.SH
20241216,600989.SH
20241216,600999.SH
20241216,601006.SH
20241216,601009.SH
20241216,601012.SH
20241216,601021.SH
20241216,601059.SH
20241216,601066.SH
20241216,601088.SH
20241216,601100.SH
20241216,601111.SH
20241216,601117.SH
20241216,601127.SH
20241216,601136.SH
20241216,601138.SH
20241216,601166.SH
20241216,601169.SH
20241216,601186.SH
20241216,601211.SH
20241216,601225.SH
20241216,601229.SH
20241216,601236.SH
20241216,601238.SH
20241216,601288.SH
20241216,601318.SH
20241216,601319.SH
20241216,601328.SH
20241216,601336.SH
20241216,601360.SH
20241216,601377.SH
20241216,601390.SH
20241216,601398.SH
20241216,601600.SH
20241216,601601.SH
20241216,601607.SH
20241216,601618.SH
20241216,601628.SH
20241216,601633.SH
20241216,601658.SH
20241216,601668.SH
20241216,601669.SH
20241216,601688.SH
20241216,601689.SH
20241216,601698.SH
20241216,601699.SH
20241216,601728.SH
20241216,601766.SH
20241216,601788.SH
20241216,601799.SH
20241216,601800.SH
20241216,601808.SH
20241216,601816.SH
20241216,601818.SH
20241216,601838.SH
20241216,601857.SH
20241216,601865.SH
20241216,601868.SH
20241216,601872.SH
20241216,601877.SH
20241216,601878.SH
20241216,601881.SH
20241216,601888.SH
20241216,601898.SH
20241216,601899.SH
20241216,601901.SH
20241216,601916.SH
20241216,601919.SH
20241216,601939.SH
20241216,601985.SH
20241216,601988.SH
20241216,601989.SH
20241216,601995.SH
20241216,601998.SH
20241216,603019.SH
20241216,603195.SH
20241216,603259.SH
20241216,603260.SH
20241216,603288.SH
20241216,603296.SH
20241216,603369.SH
20241216,603392.SH
20241216,603501.SH
20241216,603659.SH
20241216,603799.SH
20241216,603806.SH
20241216,603833.SH
20241216,603986.SH
20241216,603993.SH
20241216,605117.SH
20241216,605499.SH
20241216,688008.SH
20241216,688009.SH
20241216,688012.SH
20241216,688036.SH
20241216,688041.SH
20241216,688082.SH
20241216,688111.SH
20241216,688126.SH
20241216,688169.SH
20241216,688187.SH
20241216,688223.SH
20241216,688256.SH
20241216,688271.SH
20241216,688303.SH
20241216,688396.SH
20241216,688472.SH
20241216,688506.SH
20241216,688599.SH
20241216,688981.SH
20250310,000001.SZ
20250310,000002.SZ
20250310,000063.SZ
20250310,000100.SZ
20250310,000157.SZ
20250310,000166.SZ
20250310,000301.SZ
20250310,000333.SZ
20250310,000338.SZ
20250310,000408.SZ
20250310,000425.SZ
20250310,000538.SZ
20250310,000568.SZ
20250310,000596.SZ
20250310,000617.SZ
20250310,000625.SZ
20250310,000630.SZ
20250310,000651.SZ
20250310,000661.SZ
20250310,000708.SZ
20250310,000725.SZ
20250310,000768.SZ
20250310,000776.SZ
20250310,000786.SZ
20250310,000792.SZ
20250310,000800.SZ
20250310,000807.SZ
20250310,000858.SZ
20250310,000876.SZ
20250310,000895.SZ
20250310,000938.SZ
20250310,000963.SZ
20250310,000975.SZ
20250310,000977.SZ
20250310,000983.SZ
20250310,000999.SZ
20250310,001289.SZ
20250310,001965.SZ
20250310,001979.SZ
20250310,002001.SZ
20250310,002007.SZ
20250310,002027.SZ
20250310,002028.SZ
20250310,002049.SZ
20250310,002050.SZ
20250310,002074.SZ
20250310,002129.SZ
20250310,002142.SZ
20250310,002179.SZ
20250310,002180.SZ
20250310,002230.SZ
20250310,002236.SZ
20250310,002241.SZ
20250310,002252.SZ
20250310,002271.SZ
20250310,002304.SZ
20250310,002311.SZ
20250310,002352.SZ
20250310,002371.SZ
20250310,002415.SZ
20250310,002422.SZ
20250310,002459.SZ
20250310,002460.SZ
20250310,002463.SZ
20250310,002466.SZ
20250310,002475.SZ
20250310,002493.SZ
20250310,002555.SZ
20250310,002594.SZ
20250310,002601.SZ
20250310,002648.SZ
20250310,002709.SZ
20250310,002714.SZ
20250310,002736.SZ
20250310,002812.SZ
20250310,002916.SZ
20250310,002920.SZ
20250310,002938.SZ
20250310,003816.SZ
20250310,300014.SZ
20250310,300015.SZ
20250310,300033.SZ
20250310,300059.SZ
20250310,300122.SZ
20250310,300124.SZ
20250310,300274.SZ
20250310,300308.SZ
20250310,300316.SZ
20250310,300347.SZ
20250310,300394.SZ
20250310,300408.SZ
20250310,300413.SZ
20250310,300418.SZ
20250310,300433.SZ
20250310,300442.SZ
20250310,300450.SZ
20250310,300498.SZ
20250310,300502.SZ
20250310,300628.SZ
20250310,300661.SZ
20250310,300750.SZ
20250310,300759.SZ
20250310,300760.SZ
20250310,300782.SZ
20250310,300832.SZ
20250310,300896.SZ
20250310,300979.SZ
20250310,300999.SZ
20250310,301269.SZ
20250310,600000.SH
20250310,600009.SH
20250310,600010.SH
20250310,600011.SH
20250310,600015.SH
20250310,600016.SH
20250310,600018.SH
20250310,600019.SH
20250310,600023.SH
20250310,600025.SH
20250310,600026.SH
20250310,600027.SH
20250310,600028.SH
20250310,600029.SH
20250310,600030.SH
20250310,600031.SH
20250310,600036.SH
20250310,600039.SH
20250310,600048.SH
20250310,600050.SH
20250310,600061.SH
20250310,600066.SH
20250310,600085.SH
20250310,600089.SH
20250310,600104.SH
20250310,600111.SH
20250310,600115.SH
20250310,600150.SH
20250310,600160.SH
20250310,600161.SH
20250310,600176.SH
20250310,600183.SH
20250310,600188.SH
20250310,600196.SH
20250310,600219.SH
20250310,600233.SH
20250310,600276.SH
20250310,600309.SH
20250310,600332.SH
20250310,600346.SH
20250310,600362.SH
20250310,600372.SH
20250310,600377.SH
20250310,600406.SH
20250310,600415.SH
20250310,600426.SH
20250310,600436.SH
20250310,600438.SH
20250310,600460.SH
20250310,600482.SH
20250310,600489.SH
20250310,600515.SH
20250310,600519.SH
20250310,600547.SH
20250310,600570.SH
20250310,600584.SH
20250310,600585.SH
20250310,600588.SH
20250310,600600.SH
20250310,600660.SH
20250310,600674.SH
20250310,600690.SH
20250310,600741.SH
20250310,600745.SH
20250310,600760.SH
20250310,600795.SH
20250310,600803.SH
20250310,600809.SH
20250310,600845.SH
20250310,600875.SH
20250310,600886.SH
20250310,600887.SH
20250310,600893.SH
20250310,600900.SH
20250310,600905.SH
20250310,600918.SH
20250310,600919.SH
20250310,600926.SH
20250310,600938.SH
20250310,600941.SH
20250310,600958.SH
20250310,600989.SH
20250310,600999.SH
20250310,601006.SH
20250310,601009.SH
20250310,601012.SH
20250310,601021.SH
20250310,601058.SH
20250310,601059.SH
20250310,601066.SH
20250310,601088.SH
20250310,601100.SH
20250310,601111.SH
20250310,601117.SH
20250310,601127.SH
20250310,601136.SH
20250310,601138.SH
20250310,601166.SH
20250310,601169.SH
20250310,601186.SH
20250310,601211.SH
20250310,601225.SH
20250310,601229.SH
20250310,601236.SH
20250310,601238.SH
20250310,601288.SH
20250310,601318.SH
20250310,601319.SH
20250310,601328.SH
20250310,601336.SH
20250310,601360.SH
20250310,601377.SH
20250310,601390.SH
20250310,601398.SH
20250310,601600.SH
20250310,601601.SH
20250310,601607.SH
20250310,601618.SH
20250310,601628.SH
20250310,601633.SH
20250310,601658.SH
20250310,601668.SH
20250310,601669.SH
20250310,601688.SH
20250310,601689.SH
20250310,601698.SH
20250310,601699.SH
20250310,601728.SH
20250310,601766.SH
20250310,601788.SH
20250310,601799.SH
20250310,601800.SH
20250310,601808.SH
20250310,601816.SH
20250310,601818.SH
20250310,601838.SH
20250310,601857.SH
20250310,601865.SH
20250310,601868.SH
20250310,601872.SH
20250310,601877.SH
20250310,601878.SH
20250310,601881.SH
20250310,601888.SH
20250310,601898.SH
20250310,601899.SH
20250310,601901.SH
20250310,601916.SH
20250310,601919.SH
20250310,601939.SH
20250310,601985.SH
20250310,601988.SH
20250310,601989.SH
20250310,601995.SH
20250310,601998.SH
20250310,603019.SH
20250310,603195.SH
20250310,603259.SH
20250310,603260.SH
20250310,603288.SH
20250310,603296.SH
20250310,603369.SH
20250310,603392.SH
20250310,603501.SH
20250310,603659.SH
20250310,603799.SH
20250310,603806.SH
20250310,603833.SH
20250310,603986.SH
20250310,603993.SH
20250310,605117.SH
20250310,605499.SH
20250310,688008.SH
20250310,688009.SH
20250310,688012.SH
20250310,688036.SH
20250310,688041.SH
20250310,688082.SH
20250310,688111.SH
20250310,688126.SH
20250310,688169.SH
20250310,688187.SH
20250310,688223.SH
20250310,688256.SH
20250310,688271.SH
20250310,688303.SH
20250310,688396.SH
20250310,688472.SH
20250310,688506.SH
20250310,688599.SH
20250310,688981.SH
20250616,000001.SZ
20250616,000002.SZ
20250616,000063.SZ
20250616,000100.SZ
20250616,000157.SZ
20250616,000166.SZ
20250616,000301.SZ
20250616,000333.SZ
20250616,000338.SZ
20250616,000408.SZ
20250616,000425.SZ
20250616,000538.SZ
20250616,000568.SZ
20250616,000596.SZ
20250616,000617.SZ
20250616,000625.SZ
20250616,000630.SZ
20250616,000651.SZ
20250616,000661.SZ
20250616,000708.SZ
20250616,000725.SZ
20250616,000768.SZ
20250616,000776.SZ
20250616,000786.SZ
20250616,000792.SZ
20250616,000800.SZ
20250616,000807.SZ
20250616,000858.SZ
20250616,000876.SZ
20250616,000895.SZ
20250616,000938.SZ
20250616,000963.SZ
20250616,000975.SZ
20250616,000977.SZ
20250616,000983.SZ
20250616,000999.SZ
20250616,001289.SZ
20250616,001391.SZ
20250616,001965.SZ
20250616,001979.SZ
20250616,002001.SZ
20250616,002027.SZ
20250616,002028.SZ
20250616,002049.SZ
20250616,002050.SZ
20250616,002074.SZ
20250616,002129.SZ
20250616,002142.SZ
20250616,002179.SZ
20250616,002180.SZ
20250616,002230.SZ
20250616,002236.SZ
20250616,002241.SZ
20250616,002252.SZ
20250616,002304.SZ
20250616,002311.SZ
20250616,002352.SZ
20250616,002371.SZ
20250616,002415.SZ
20250616,002422.SZ
20250616,002459.SZ
20250616,002460.SZ
20250616,002463.SZ
20250616,002466.SZ
20250616,002475.SZ
20250616,002493.SZ
20250616,002594.SZ
20250616,002600.SZ
20250616,002601.SZ
20250616,002648.SZ
20250616,002709.SZ
20250616,002714.SZ
20250616,002736.SZ
20250616,002916.SZ
20250616,002920.SZ
20250616,002938.SZ
20250616,003816.SZ
20250616,300014.SZ
20250616,300015.SZ
20250616,300033.SZ
20250616,300059.SZ
20250616,300122.SZ
20250616,300124.SZ
20250616,300274.SZ
20250616,300308.SZ
20250616,300316.SZ
20250616,300347.SZ
20250616,300394.SZ
20250616,300408.SZ
20250616,300413.SZ
20250616,300418.SZ
20250616,300433.SZ
20250616,300442.SZ
20250616,300498.SZ
20250616,300502.SZ
20250616,300628.SZ
20250616,300661.SZ
20250616,300750.SZ
20250616,300759.SZ
20250616,300760.SZ
20250616,300782.SZ
20250616,300832.SZ
20250616,300896.SZ
20250616,300979.SZ
20250616,300999.SZ
20250616,301236.SZ
20250616,301269.SZ
20250616,302132.SZ
20250616,600000.SH
20250616,600009.SH
20250616,600010.SH
20250616,600011.SH
20250616,600015.SH
20250616,600016.SH
20250616,600018.SH
20250616,600019.SH
20250616,600023.SH
20250616,600025.SH
20250616,600026.SH
20250616,600027.SH
20250616,600028.SH
20250616,600029.SH
20250616,600030.SH
20250616,600031.SH
20250616,600036.SH
20250616,600039.SH
20250616,600048.SH
20250616,600050.SH
20250616,600061.SH
20250616,600066.SH
20250616,600085.SH
20250616,600089.SH
20250616,600104.SH
20250616,600111.SH
20250616,600115.SH
20250616,600150.SH
20250616,600160.SH
20250616,600161.SH
20250616,600176.SH
20250616,600183.SH
20250616,600188.SH
20250616,600196.SH
20250616,600219.SH
20250616,600233.SH
20250616,600276.SH
20250616,600309.SH
20250616,600332.SH
20250616,600346.SH
20250616,600362.SH
20250616,600372.SH
20250616,600377.SH
20250616,600406.SH
20250616,600415.SH
20250616,600426.SH
20250616,600436.SH
20250616,600438.SH
20250616,600460.SH
20250616,600482.SH
20250616,600489.SH
20250616,600515.SH
20250616,600519.SH
20250616,600547.SH
20250616,600570.SH
20250616,600584.SH
20250616,600585.SH
20250616,600588.SH
20250616,600600.SH
20250616,600660.SH
20250616,600674.SH
20250616,600690.SH
20250616,600741.SH
20250616,600760.SH
20250616,600795.SH
20250616,600803.SH
20250616,600809.SH
20250616,600845.SH
20250616,600875.SH
20250616,600886.SH
20250616,600887.SH
20250616,600893.SH
20250616,600900.SH
20250616,600905.SH
20250616,600918.SH
20250616,600919.SH
20250616,600926.SH
20250616,600938.SH
20250616,600941.SH
20250616,600958.SH
20250616,600989.SH
20250616,600999.SH
20250616,601006.SH
20250616,601009.SH
20250616,601012.SH
20250616,601021.SH
20250616,601058.SH
20250616,601059.SH
20250616,601066.SH
20250616,601077.SH
20250616,601088.SH
20250616,601100.SH
20250616,601111.SH
20250616,601117.SH
20250616,601127.SH
20250616,601136.SH
20250616,601138.SH
20250616,601166.SH
20250616,601169.SH
20250616,601186.SH
20250616,601211.SH
20250616,601225.SH
20250616,601229.SH
20250616,601236.SH
20250616,601238.SH
20250616,601288.SH
20250616,601318.SH
20250616,601319.SH
20250616,601328.SH
20250616,601336.SH
20250616,601360.SH
20250616,601377.SH
20250616,601390.SH
20250616,601398.SH
20250616,601600.SH
20250616,601601.SH
20250616,601607.SH
20250616,601618.SH
20250616,601628.SH
20250616,601633.SH
20250616,601658.SH
20250616,601668.SH
20250616,601669.SH
20250616,601688.SH
20250616,601689.SH
20250616,601698.SH
20250616,601699.SH
20250616,601728.SH
20250616,601766.SH
20250616,601788.SH
20250616,601799.SH
20250616,601800.SH
20250616,601808.SH
20250616,601816.SH
20250616,601818.SH
20250616,601825.SH
20250616,601838.SH
20250616,601857.SH
20250616,601865.SH
20250616,601868.SH
20250616,601872.SH
20250616,601877.SH
20250616,601878.SH
20250616,601881.SH
20250616,601888.SH
20250616,601898.SH
20250616,601899.SH
20250616,601901.SH
20250616,601916.SH
20250616,601919.SH
20250616,601939.SH
20250616,601985.SH
20250616,601988.SH
20250616,601989.SH
20250616,601995.SH
20250616,601998.SH
20250616,603019.SH
20250616,603195.SH
20250616,603259.SH
20250616,603260.SH
20250616,603288.SH
20250616,603296.SH
20250616,603369.SH
20250616,603392.SH
20250616,603501.SH
20250616,603799.SH
20250616,603806.SH
20250616,603833.SH
20250616,603986.SH
20250616,603993.SH
20250616,605117.SH
20250616,605499.SH
20250616,688008.SH
20250616,688009.SH
20250616,688012.SH
20250616,688036.SH
20250616,688041.SH
20250616,688047.SH
20250616,688082.SH
20250616,688111.SH
20250616,688126.SH
20250616,688169.SH
20250616,688187.SH
20250616,688223.SH
20250616,688256.SH
20250616,688271.SH
20250616,688303.SH
20250616,688396.SH
20250616,688472.SH
20250616,688506.SH
20250616,688599.SH
20250616,688981.SH
20250908,000001.SZ
20250908,000002.SZ
20250908,000063.SZ
20250908,000100.SZ
20250908,000157.SZ
20250908,000166.SZ
20250908,000301.SZ
20250908,000333.SZ
20250908,000338.SZ
20250908,000408.SZ
20250908,000425.SZ
20250908,000538.SZ
20250908,000568.SZ
20250908,000596.SZ
20250908,000617.SZ
20250908,000625.SZ
20250908,000630.SZ
20250908,000651.SZ
20250908,000661.SZ
20250908,000708.SZ
20250908,000725.SZ
20250908,000768.SZ
20250908,000776.SZ
20250908,000786.SZ
20250908,000792.SZ
20250908,000800.SZ
20250908,000807.SZ
20250908,000858.SZ
20250908,000876.SZ
20250908,000895.SZ
20250908,000938.SZ
20250908,000963.SZ
20250908,000975.SZ
20250908,000977.SZ
20250908,000983.SZ
20250908,000999.SZ
20250908,001289.SZ
20250908,001391.SZ
20250908,001965.SZ
20250908,001979.SZ
20250908,002001.SZ
20250908,002027.SZ
20250908,002028.SZ
20250908,002049.SZ
20250908,002050.SZ
20250908,002074.SZ
20250908,002129.SZ
20250908,002142.SZ
20250908,002179.SZ
20250908,002180.SZ
20250908,002230.SZ
20250908,002236.SZ
20250908,002241.SZ
20250908,002252.SZ
20250908,002304.SZ
20250908,002311.SZ
20250908,002352.SZ
20250908,002371.SZ
20250908,002415.SZ
20250908,002422.SZ
20250908,002459.SZ
20250908,002460.SZ
20250908,002463.SZ
20250908,002466.SZ
20250908,002475.SZ
20250908,002493.SZ
20250908,002594.SZ
20250908,002600.SZ
20250908,002601.SZ
20250908,002648.SZ
20250908,002709.SZ
20250908,002714.SZ
20250908,002736.SZ
20250908,002916.SZ
20250908,002920.SZ
20250908,002938.SZ
20250908,003816.SZ
20250908,300014.SZ
20250908,300015.SZ
20250908,300033.SZ
20250908,300059.SZ
20250908,300122.SZ
20250908,300124.SZ
20250908,300274.SZ
20250908,300308.SZ
20250908,300316.SZ
20250908,300347.SZ
20250908,300394.SZ
20250908,300408.SZ
20250908,300413.SZ
20250908,300418.SZ
20250908,300433.SZ
20250908,300442.SZ
20250908,300498.SZ
20250908,300502.SZ
20250908,300628.SZ
20250908,300661.SZ
20250908,300750.SZ
20250908,300759.SZ
20250908,300760.SZ
20250908,300782.SZ
20250908,300832.SZ
20250908,300896.SZ
20250908,300979.SZ
20250908,300999.SZ
20250908,301236.SZ
20250908,301269.SZ
20250908,302132.SZ
20250908,600000.SH
20250908,600009.SH
20250908,600010.SH
20250908,600011.SH
20250908,600015.SH
20250908,600016.SH
20250908,600018.SH
20250908,600019.SH
20250908,600023.SH
20250908,600025.SH
20250908,600026.SH
20250908,600027.SH
20250908,600028.SH
20250908,600029.SH
20250908,600030.SH
20250908,600031.SH
20250908,600036.SH
20250908,600039.SH
20250908,600048.SH
20250908,600050.SH
20250908,600061.SH
20250908,600066.SH
20250908,600085.SH
20250908,600089.SH
20250908,600104.SH
20250908,600111.SH
20250908,600115.SH
20250908,600150.SH
20250908,600160.SH
20250908,600161.SH
20250908,600176.SH
20250908,600183.SH
20250908,600188.SH
20250908,600196.SH
20250908,600219.SH
20250908,600233.SH
20250908,600276.SH
20250908,600309.SH
20250908,600332.SH
20250908,600346.SH
20250908,600362.SH
20250908,600372.SH
20250908,600377.SH
20250908,600406.SH
20250908,600415.SH
20250908,600426.SH
20250908,600436.SH
20250908,600438.SH
20250908,600460.SH
20250908,600482.SH
20250908,600489.SH
20250908,600515.SH
20250908,600519.SH
20250908,600547.SH
20250908,600570.SH
20250908,600584.SH
20250908,600585.SH
20250908,600588.SH
20250908,600600.SH
20250908,600660.SH
20250908,600674.SH
20250908,600690.SH
20250908,600741.SH
20250908,600760.SH
20250908,600795.SH
20250908,600803.SH
20250908,600809.SH
20250908,600845.SH
20250908,600875.SH
20250908,600886.SH
20250908,600887.SH
20250908,600893.SH
20250908,600900.SH
20250908,600905.SH
20250908,600918.SH
20250908,600919.SH
20250908,600926.SH
20250908,600938.SH
20250908,600941.SH
20250908,600958.SH
20250908,600989.SH
20250908,600999.SH
20250908,601006.SH
20250908,601009.SH
20250908,601012.SH
20250908,601021.SH
20250908,601058.SH
20250908,601059.SH
20250908,601066.SH
20250908,601077.SH
20250908,601088.SH
20250908,601100.SH
20250908,601111.SH
20250908,601117.SH
20250908,601127.SH
20250908,601136.SH
20250908,601138.SH
20250908,601166.SH
20250908,601169.SH
20250908,601186.SH
20250908,601211.SH
20250908,601225.SH
20250908,601229.SH
20250908,601236.SH
20250908,601238.SH
20250908,601288.SH
20250908,601298.SH
20250908,601318.SH
20250908,601319.SH
20250908,601328.SH
20250908,601336.SH
20250908,601360.SH
20250908,601377.SH
20250908,601390.SH
20250908,601398.SH
20250908,601600.SH
20250908,601601.SH
20250908,601607.SH
20250908,601618.SH
20250908,601628.SH
20250908,601633.SH
20250908,601658.SH
20250908,601668.SH
20250908,601669.SH
20250908,601688.SH
20250908,601689.SH
20250908,601698.SH
20250908,601699.SH
20250908,601728.SH
20250908,601766.SH
20250908,601788.SH
20250908,601799.SH
20250908,601800.SH
20250908,601808.SH
20250908,601816.SH
20250908,601818.SH
20250908,601825.SH
20250908,601838.SH
20250908,601857.SH
20250908,601865.SH
20250908,601868.SH
20250908,601872.SH
20250908,601877.SH
20250908,601878.SH
20250908,601881.SH
20250908,601888.SH
20250908,601898.SH
20250908,601899.SH
20250908,601901.SH
20250908,601916.SH
20250908,601919.SH
20250908,601939.SH
20250908,601985.SH
20250908,601988.SH
20250908,601995.SH
20250908,601998.SH
20250908,603019.SH
20250908,603195.SH
20250908,603259.SH
20250908,603260.SH
20250908,603288.SH
20250908,603296.SH
20250908,603369.SH
20250908,603392.SH
20250908,603501.SH
20250908,603799.SH
20250908,603806.SH
20250908,603833.SH
20250908,603986.SH
20250908,603993.SH
20250908,605117.SH
20250908,605499.SH
20250908,688008.SH
20250908,688009.SH
20250908,688012.SH
20250908,688036.SH
20250908,688041.SH
20250908,688047.SH
20250908,688082.SH
20250908,688111.SH
20250908,688126.SH
20250908,688169.SH
20250908,688187.SH
20250908,688223.SH
20250908,688256.SH
20250908,688271.SH
20250908,688303.SH
20250908,688396.SH
20250908,688472.SH
20250908,688506.SH
20250908,688599.SH
20250908,688981.SH
20251215,000001.SZ
20251215,000002.SZ
20251215,000063.SZ
20251215,000100.SZ
20251215,000157.SZ
20251215,000166.SZ
20251215,000301.SZ
20251215,000333.SZ
20251215,000338.SZ
20251215,000408.SZ
20251215,000425.SZ
20251215,000538.SZ
20251215,000568.SZ
20251215,000596.SZ
20251215,000617.SZ
20251215,000625.SZ
20251215,000630.SZ
20251215,000651.SZ
20251215,000661.SZ
20251215,000708.SZ
20251215,000725.SZ
20251215,000768.SZ
20251215,000776.SZ
20251215,000786.SZ
20251215,000792.SZ
20251215,000807.SZ
20251215,000858.SZ
20251215,000876.SZ
20251215,000895.SZ
20251215,000938.SZ
20251215,000963.SZ
20251215,000975.SZ
20251215,000977.SZ
20251215,000983.SZ
20251215,000999.SZ
20251215,001391.SZ
20251215,001965.SZ
20251215,001979.SZ
20251215,002001.SZ
20251215,002027.SZ
20251215,002028.SZ
20251215,002049.SZ
20251215,002050.SZ
20251215,002074.SZ
20251215,002142.SZ
20251215,002179.SZ
20251215,002230.SZ
20251215,002236.SZ
20251215,002241.SZ
20251215,002252.SZ
20251215,002304.SZ
20251215,002311.SZ
20251215,002352.SZ
20251215,002371.SZ
20251215,002384.SZ
20251215,002415.SZ
20251215,002422.SZ
20251215,002459.SZ
20251215,002460.SZ
20251215,002463.SZ
20251215,002466.SZ
20251215,002475.SZ
20251215,002493.SZ
20251215,002594.SZ
20251215,002600.SZ
20251215,002601.SZ
20251215,002625.SZ
20251215,002648.SZ
20251215,002709.SZ
20251215,002714.SZ
20251215,002736.SZ
20251215,002916.SZ
20251215,002920.SZ
20251215,002938.SZ
20251215,003816.SZ
20251215,300014.SZ
20251215,300015.SZ
20251215,300033.SZ
20251215,300059.SZ
20251215,300122.SZ
20251215,300124.SZ
20251215,300251.SZ
20251215,300274.SZ
20251215,300308.SZ
20251215,300316.SZ
20251215,300347.SZ
20251215,300394.SZ
20251215,300408.SZ
20251215,300413.SZ
20251215,300418.SZ
20251215,300433.SZ
20251215,300442.SZ
20251215,300476.SZ
20251215,300498.SZ
20251215,300502.SZ
20251215,300628.SZ
20251215,300661.SZ
20251215,300750.SZ
20251215,300759.SZ
20251215,300760.SZ
20251215,300782.SZ
20251215,300803.SZ
20251215,300832.SZ
20251215,300866.SZ
20251215,300896.SZ
20251215,300979.SZ
20251215,300999.SZ
20251215,301236.SZ
20251215,301269.SZ
20251215,302132.SZ
20251215,600000.SH
20251215,600009.SH
20251215,600010.SH
20251215,600011.SH
20251215,600015.SH
20251215,600016.SH
20251215,600018.SH
20251215,600019.SH
20251215,600023.SH
20251215,600025.SH
20251215,600026.SH
20251215,600027.SH
20251215,600028.SH
20251215,600029.SH
20251215,600030.SH
20251215,600031.SH
20251215,600036.SH
20251215,600039.SH
20251215,600048.SH
20251215,600050.SH
20251215,600061.SH
20251215,600066.SH
20251215,600085.SH
20251215,600089.SH
20251215,600104.SH
20251215,600111.SH
20251215,600115.SH
20251215,600150.SH
20251215,600160.SH
20251215,600161.SH
20251215,600176.SH
20251215,600183.SH
20251215,600188.SH
20251215,600196.SH
20251215,600219.SH
20251215,600233.SH
20251215,600276.SH
20251215,600309.SH
20251215,600346.SH
20251215,600362.SH
20251215,600372.SH
20251215,600377.SH
20251215,600406.SH
20251215,600415.SH
20251215,600426.SH
20251215,600436.SH
20251215,600438.SH
20251215,600460.SH
20251215,600482.SH
20251215,600489.SH
20251215,600515.SH
20251215,600519.SH
20251215,600522.SH
20251215,600547.SH
20251215,600570.SH
20251215,600584.SH
20251215,600585.SH
20251215,600588.SH
20251215,600600.SH
20251215,600660.SH
20251215,600674.SH
20251215,600690.SH
20251215,600741.SH
20251215,600760.SH
20251215,600795.SH
20251215,600803.SH
20251215,600809.SH
20251215,600845.SH
20251215,600875.SH
20251215,600886.SH
20251215,600887.SH
20251215,600893.SH
20251215,600900.SH
20251215,600905.SH
20251215,600918.SH
20251215,600919.SH
20251215,600926.SH
20251215,600930.SH
20251215,600938.SH
20251215,600941.SH
20251215,600958.SH
20251215,600989.SH
20251215,600999.SH
20251215,601006.SH
20251215,601009.SH
20251215,601012.SH
20251215,601018.SH
20251215,601021.SH
20251215,601058.SH
20251215,601059.SH
20251215,601066.SH
20251215,601077.SH
20251215,601088.SH
20251215,601100.SH
20251215,601111.SH
20251215,601117.SH
20251215,601127.SH
20251215,601136.SH
20251215,601138.SH
20251215,601166.SH
20251215,601169.SH
20251215,601186.SH
20251215,601211.SH
20251215,601225.SH
20251215,601229.SH
20251215,601236.SH
20251215,601238.SH
20251215,601288.SH
20251215,601298.SH
20251215,601318.SH
20251215,601319.SH
20251215,601328.SH
20251215,601336.SH
20251215,601360.SH
20251215,601377.SH
20251215,601390.SH
20251215,601398.SH
20251215,601456.SH
20251215,601600.SH
20251215,601601.SH
20251215,601607.SH
20251215,601618.SH
20251215,601628.SH
20251215,601633.SH
20251215,601658.SH
20251215,601668.SH
20251215,601669.SH
20251215,601688.SH
20251215,601689.SH
20251215,601698.SH
20251215,601728.SH
20251215,601766.SH
20251215,601788.SH
20251215,601800.SH
20251215,601808.SH
20251215,601816.SH
20251215,601818.SH
20251215,601825.SH
20251215,601838.SH
20251215,601857.SH
20251215,601868.SH
20251215,601872.SH
20251215,601877.SH
20251215,601878.SH
20251215,601881.SH
20251215,601888.SH
20251215,601898.SH
20251215,601899.SH
20251215,601901.SH
20251215,601916.SH
20251215,601919.SH
20251215,601939.SH
20251215,601985.SH
20251215,601988.SH
20251215,601995.SH
20251215,601998.SH
20251215,603019.SH
20251215,603195.SH
20251215,603259.SH
20251215,603260.SH
20251215,603288.SH
20251215,603296.SH
20251215,603369.SH
20251215,603392.SH
20251215,603501.SH
20251215,603799.SH
20251215,603893.SH
20251215,603986.SH
20251215,603993.SH
20251215,605117.SH
20251215,605499.SH
20251215,688008.SH
20251215,688009.SH
20251215,688012.SH
20251215,688036.SH
20251215,688041.SH
20251215,688047.SH
20251215,688082.SH
20251215,688111.SH
20251215,688126.SH
20251215,688169.SH
20251215,688187.SH
20251215,688223.SH
20251215,688256.SH
20251215,688271.SH
20251215,688303.SH
20251215,688396.SH
20251215,688472.SH
20251215,688506.SH
20251215,688981.SH
20260615,000001.SZ
20260615,000002.SZ
20260615,000063.SZ
20260615,000100.SZ
20260615,000157.SZ
20260615,000166.SZ
20260615,000301.SZ
20260615,000333.SZ
20260615,000338.SZ
20260615,000408.SZ
20260615,000425.SZ
20260615,000538.SZ
20260615,000568.SZ
20260615,000596.SZ
20260615,000617.SZ
20260615,000625.SZ
20260615,000630.SZ
20260615,000651.SZ
20260615,000657.SZ
20260615,000708.SZ
20260615,000725.SZ
20260615,000768.SZ
20260615,000776.SZ
20260615,000792.SZ
20260615,000807.SZ
20260615,000858.SZ
20260615,000895.SZ
20260615,000938.SZ
20260615,000963.SZ
20260615,000975.SZ
20260615,000977.SZ
20260615,000988.SZ
20260615,000999.SZ
20260615,001280.SZ
20260615,001391.SZ
20260615,001965.SZ
20260615,001979.SZ
20260615,002001.SZ
20260615,002027.SZ
20260615,002028.SZ
20260615,002049.SZ
20260615,002050.SZ
20260615,002074.SZ
20260615,002142.SZ
20260615,002179.SZ
20260615,002202.SZ
20260615,002230.SZ
20260615,002236.SZ
20260615,002241.SZ
20260615,002304.SZ
20260615,002311.SZ
20260615,002352.SZ
20260615,002353.SZ
20260615,002371.SZ
20260615,002384.SZ
20260615,002415.SZ
20260615,002422.SZ
20260615,002460.SZ
20260615,002463.SZ
20260615,002466.SZ
20260615,002475.SZ
20260615,002493.SZ
20260615,002532.SZ
20260615,002558.SZ
20260615,002594.SZ
20260615,002600.SZ
20260615,002602.SZ
20260615,002625.SZ
20260615,002648.SZ
20260615,002709.SZ
20260615,002714.SZ
20260615,002736.SZ
20260615,002837.SZ
20260615,002916.SZ
20260615,002920.SZ
20260615,002938.SZ
20260615,003816.SZ
20260615,300014.SZ
20260615,300015.SZ
20260615,300033.SZ
20260615,300059.SZ
20260615,300122.SZ
20260615,300124.SZ
20260615,300251.SZ
20260615,300274.SZ
20260615,300308.SZ
20260615,300316.SZ
20260615,300394.SZ
20260615,300408.SZ
20260615,300413.SZ
20260615,300418.SZ
20260615,300433.SZ
20260615,300442.SZ
20260615,300450.SZ
20260615,300476.SZ
20260615,300498.SZ
20260615,300502.SZ
20260615,300628.SZ
20260615,300661.SZ
20260615,300750.SZ
20260615,300760.SZ
20260615,300803.SZ
20260615,300832.SZ
20260615,300866.SZ
20260615,300896.SZ
20260615,300999.SZ
20260615,301165.SZ
20260615,301236.SZ
20260615,301269.SZ
20260615,301308.SZ
20260615,302132.SZ
20260615,600000.SH
20260615,600009.SH
20260615,600010.SH
20260615,600011.SH
20260615,600015.SH
20260615,600016.SH
20260615,600018.SH
20260615,600019.SH
20260615,600023.SH
20260615,600025.SH
20260615,600026.SH
20260615,600027.SH
20260615,600028.SH
20260615,600029.SH
20260615,600030.SH
20260615,600031.SH
20260615,600036.SH
20260615,600039.SH
20260615,600048.SH
20260615,600050.SH
20260615,600061.SH
20260615,600066.SH
20260615,600085.SH
20260615,600089.SH
20260615,600104.SH
20260615,600111.SH
20260615,600115.SH
20260615,600118.SH
20260615,600150.SH
20260615,600160.SH
20260615,600176.SH
20260615,600183.SH
20260615,600188.SH
20260615,600196.SH
20260615,600219.SH
20260615,600221.SH
20260615,600233.SH
20260615,600276.SH
20260615,600309.SH
20260615,600346.SH
20260615,600362.SH
20260615,600372.SH
20260615,600406.SH
20260615,600415.SH
20260615,600426.SH
20260615,600436.SH
20260615,600438.SH
20260615,600460.SH
20260615,600482.SH
20260615,600489.SH
20260615,600515.SH
20260615,600519.SH
20260615,600522.SH
20260615,600547.SH
20260615,600549.SH
20260615,600570.SH
20260615,600584.SH
20260615,600585.SH
20260615,600588.SH
20260615,600600.SH
20260615,600660.SH
20260615,600674.SH
20260615,600690.SH
20260615,600741.SH
20260615,600760.SH
20260615,600795.SH
20260615,600803.SH
20260615,600809.SH
20260615,600845.SH
20260615,600875.SH
20260615,600886.SH
20260615,600887.SH
20260615,600893.SH
20260615,600900.SH
20260615,600905.SH
20260615,600918.SH
20260615,600919.SH
20260615,600926.SH
20260615,600930.SH
20260615,600938.SH
20260615,600941.SH
20260615,600958.SH
20260615,600989.SH
20260615,600999.SH
20260615,601006.SH
20260615,601009.SH
20260615,601012.SH
20260615,601018.SH
20260615,601021.SH
20260615,601058.SH
20260615,601059.SH
20260615,601066.SH
20260615,601077.SH
20260615,601088.SH
20260615,601100.SH
20260615,601111.SH
20260615,601117.SH
20260615,601127.SH
20260615,601136.SH
20260615,601138.SH
20260615,601166.SH
20260615,601169.SH
20260615,601186.SH
20260615,601211.SH
20260615,601225.SH
20260615,601229.SH
20260615,601238.SH
20260615,601288.SH
20260615,601318.SH
20260615,601319.SH
20260615,601328.SH
20260615,601336.SH
20260615,601360.SH
20260615,601377.SH
20260615,601390.SH
20260615,601398.SH
20260615,601456.SH
20260615,601600.SH
20260615,601601.SH
20260615,601607.SH
20260615,601618.SH
20260615,601628.SH
20260615,601633.SH
20260615,601658.SH
20260615,601668.SH
20260615,601669.SH
20260615,601688.SH
20260615,601689.SH
20260615,601698.SH
20260615,601727.SH
20260615,601728.SH
20260615,601766.SH
20260615,601788.SH
20260615,601800.SH
20260615,601816.SH
20260615,601818.SH
20260615,601825.SH
20260615,601838.SH
20260615,601857.SH
20260615,601868.SH
20260615,601872.SH
20260615,601877.SH
20260615,601878.SH
20260615,601881.SH
20260615,601888.SH
20260615,601898.SH
20260615,601899.SH
20260615,601901.SH
20260615,601916.SH
20260615,601919.SH
20260615,601939.SH
20260615,601985.SH
20260615,601988.SH
20260615,601995.SH
20260615,601998.SH
20260615,603019.SH
20260615,603259.SH
20260615,603260.SH
20260615,603288.SH
20260615,603296.SH
20260615,603369.SH
20260615,603392.SH
20260615,603501.SH
20260615,603799.SH
20260615,603893.SH
20260615,603986.SH
20260615,603993.SH
20260615,605117.SH
20260615,605499.SH
20260615,688008.SH
20260615,688009.SH
20260615,688012.SH
20260615,688036.SH
20260615,688041.SH
20260615,688047.SH
20260615,688072.SH
20260615,688082.SH
20260615,688111.SH
20260615,688126.SH
20260615,688183.SH
20260615,688223.SH
20260615,688256.SH
20260615,688271.SH
20260615,688303.SH
20260615,688396.SH
20260615,688472.SH
20260615,688506.SH
20260615,688521.SH
20260615,688981.SH
